ODB Name,Step,Frame,Part Instance Name,    êﬂì_ÉâÉxÉã,X,Y,Z,Section Name,Material Name,Section Point,   U-Magnitude,          U-U1,          U-U2,       S-Mises
C:/temp/dataset/test2/8_1.odb,Step-1,Increment      1: Step Time =    1.000,PART-1-1,1,5,30,0,NA,NA,,1.04937,-1.04518,9.37E-02,1.44E-09
C:/temp/dataset/test2/8_1.odb,Step-1,Increment      1: Step Time =    1.000,PART-1-1,2,3,30,0,NA,NA,,1.04608,-1.04476,5.26E-02,4.32E-09
C:/temp/dataset/test2/8_1.odb,Step-1,Increment      1: Step Time =    1.000,PART-1-1,3,1,30,0,NA,NA,,1.0444,-1.04434,1.16E-02,1.56E-08
C:/temp/dataset/test2/8_1.odb,Step-1,Increment      1: Step Time =    1.000,PART-1-1,4,-1,30,0,NA,NA,,1.04433,-1.04392,-2.95E-02,1.56E-08
C:/temp/dataset/test2/8_1.odb,Step-1,Increment      1: Step Time =    1.000,PART-1-1,5,-3,30,0,NA,NA,,1.04587,-1.04349,-7.05E-02,4.31E-09
C:/temp/dataset/test2/8_1.odb,Step-1,Increment      1: Step Time =    1.000,PART-1-1,6,-5,30,0,NA,NA,,1.04902,-1.04307,-1.12E-01,1.44E-09
C:/temp/dataset/test2/8_1.odb,Step-1,Increment      1: Step Time =    1.000,PART-1-1,7,5,28.125,0,NA,NA,,1.01108,-1.00669,9.41E-02,4.14E-09
C:/temp/dataset/test2/8_1.odb,Step-1,Increment      1: Step Time =    1.000,PART-1-1,8,3,28.125,0,NA,NA,,1.00767,-1.00627,5.30E-02,1.69E-08
C:/temp/dataset/test2/8_1.odb,Step-1,Increment      1: Step Time =    1.000,PART-1-1,9,1,28.125,0,NA,NA,,1.00592,-1.00585,1.20E-02,1.83E-08
C:/temp/dataset/test2/8_1.odb,Step-1,Increment      1: Step Time =    1.000,PART-1-1,10,-1,28.125,0,NA,NA,,1.00585,-1.00543,-2.91E-02,1.83E-08
C:/temp/dataset/test2/8_1.odb,Step-1,Increment      1: Step Time =    1.000,PART-1-1,11,-3,28.125,0,NA,NA,,1.00745,-1.00501,-7.01E-02,1.69E-08
C:/temp/dataset/test2/8_1.odb,Step-1,Increment      1: Step Time =    1.000,PART-1-1,12,-5,28.125,0,NA,NA,,1.01072,-1.00459,-1.11E-01,4.15E-09
C:/temp/dataset/test2/8_1.odb,Step-1,Increment      1: Step Time =    1.000,PART-1-1,13,5,26.25,0,NA,NA,,9.73E-01,-9.68E-01,9.45E-02,2.47E-08
C:/temp/dataset/test2/8_1.odb,Step-1,Increment      1: Step Time =    1.000,PART-1-1,14,3,26.25,0,NA,NA,,9.69E-01,-9.68E-01,5.34E-02,3.51E-08
C:/temp/dataset/test2/8_1.odb,Step-1,Increment      1: Step Time =    1.000,PART-1-1,15,1,26.25,0,NA,NA,,9.67E-01,-9.67E-01,1.24E-02,3.61E-08
C:/temp/dataset/test2/8_1.odb,Step-1,Increment      1: Step Time =    1.000,PART-1-1,16,-1,26.25,0,NA,NA,,9.67E-01,-9.67E-01,-2.87E-02,3.60E-08
C:/temp/dataset/test2/8_1.odb,Step-1,Increment      1: Step Time =    1.000,PART-1-1,17,-3,26.25,0,NA,NA,,9.69E-01,-9.67E-01,-6.97E-02,3.50E-08
C:/temp/dataset/test2/8_1.odb,Step-1,Increment      1: Step Time =    1.000,PART-1-1,18,-5,26.25,0,NA,NA,,9.72E-01,-9.66E-01,-1.11E-01,2.47E-08
C:/temp/dataset/test2/8_1.odb,Step-1,Increment      1: Step Time =    1.000,PART-1-1,19,5,24.375,0,NA,NA,,9.35E-01,-9.30E-01,9.49E-02,6.70E-08
C:/temp/dataset/test2/8_1.odb,Step-1,Increment      1: Step Time =    1.000,PART-1-1,20,3,24.375,0,NA,NA,,9.31E-01,-9.29E-01,5.38E-02,6.02E-08
C:/temp/dataset/test2/8_1.odb,Step-1,Increment      1: Step Time =    1.000,PART-1-1,21,1,24.375,0,NA,NA,,9.29E-01,-9.29E-01,1.28E-02,6.15E-08
C:/temp/dataset/test2/8_1.odb,Step-1,Increment      1: Step Time =    1.000,PART-1-1,22,-1,24.375,0,NA,NA,,9.29E-01,-9.28E-01,-2.83E-02,6.15E-08
C:/temp/dataset/test2/8_1.odb,Step-1,Increment      1: Step Time =    1.000,PART-1-1,23,-3,24.375,0,NA,NA,,9.31E-01,-9.28E-01,-6.93E-02,6.01E-08
C:/temp/dataset/test2/8_1.odb,Step-1,Increment      1: Step Time =    1.000,PART-1-1,24,-5,24.375,0,NA,NA,,9.34E-01,-9.28E-01,-1.10E-01,6.70E-08
C:/temp/dataset/test2/8_1.odb,Step-1,Increment      1: Step Time =    1.000,PART-1-1,25,5,22.5,0,NA,NA,,8.96E-01,-8.91E-01,9.53E-02,1.39E-07
C:/temp/dataset/test2/8_1.odb,Step-1,Increment      1: Step Time =    1.000,PART-1-1,26,3,22.5,0,NA,NA,,8.92E-01,-8.91E-01,5.42E-02,7.75E-08
C:/temp/dataset/test2/8_1.odb,Step-1,Increment      1: Step Time =    1.000,PART-1-1,27,1,22.5,0,NA,NA,,8.90E-01,-8.90E-01,1.32E-02,7.70E-08
C:/temp/dataset/test2/8_1.odb,Step-1,Increment      1: Step Time =    1.000,PART-1-1,28,-1,22.5,0,NA,NA,,8.90E-01,-8.90E-01,-2.79E-02,7.68E-08
C:/temp/dataset/test2/8_1.odb,Step-1,Increment      1: Step Time =    1.000,PART-1-1,29,-3,22.5,0,NA,NA,,8.92E-01,-8.90E-01,-6.89E-02,7.71E-08
C:/temp/dataset/test2/8_1.odb,Step-1,Increment      1: Step Time =    1.000,PART-1-1,30,-5,22.5,0,NA,NA,,8.96E-01,-8.89E-01,-1.10E-01,1.38E-07
C:/temp/dataset/test2/8_1.odb,Step-1,Increment      1: Step Time =    1.000,PART-1-1,31,5,20.625,0,NA,NA,,8.58E-01,-8.53E-01,9.57E-02,2.26E-07
C:/temp/dataset/test2/8_1.odb,Step-1,Increment      1: Step Time =    1.000,PART-1-1,32,3,20.625,0,NA,NA,,8.54E-01,-8.52E-01,5.46E-02,4.47E-08
C:/temp/dataset/test2/8_1.odb,Step-1,Increment      1: Step Time =    1.000,PART-1-1,33,1,20.625,0,NA,NA,,8.52E-01,-8.52E-01,1.36E-02,1.10E-07
C:/temp/dataset/test2/8_1.odb,Step-1,Increment      1: Step Time =    1.000,PART-1-1,34,-1,20.625,0,NA,NA,,8.52E-01,-8.51E-01,-2.75E-02,1.10E-07
C:/temp/dataset/test2/8_1.odb,Step-1,Increment      1: Step Time =    1.000,PART-1-1,35,-3,20.625,0,NA,NA,,8.54E-01,-8.51E-01,-6.85E-02,4.42E-08
C:/temp/dataset/test2/8_1.odb,Step-1,Increment      1: Step Time =    1.000,PART-1-1,36,-5,20.625,0,NA,NA,,8.58E-01,-8.51E-01,-1.10E-01,2.24E-07
C:/temp/dataset/test2/8_1.odb,Step-1,Increment      1: Step Time =    1.000,PART-1-1,37,5,18.75,0,NA,NA,,8.20E-01,-8.14E-01,9.61E-02,2.35E-07
C:/temp/dataset/test2/8_1.odb,Step-1,Increment      1: Step Time =    1.000,PART-1-1,38,3,18.75,0,NA,NA,,8.16E-01,-8.14E-01,5.50E-02,3.04E-07
C:/temp/dataset/test2/8_1.odb,Step-1,Increment      1: Step Time =    1.000,PART-1-1,39,1,18.75,0,NA,NA,,8.14E-01,-8.13E-01,1.39E-02,5.05E-07
C:/temp/dataset/test2/8_1.odb,Step-1,Increment      1: Step Time =    1.000,PART-1-1,40,-1,18.75,0,NA,NA,,8.13E-01,-8.13E-01,-2.71E-02,5.05E-07
C:/temp/dataset/test2/8_1.odb,Step-1,Increment      1: Step Time =    1.000,PART-1-1,41,-3,18.75,0,NA,NA,,8.15E-01,-8.13E-01,-6.82E-02,3.07E-07
C:/temp/dataset/test2/8_1.odb,Step-1,Increment      1: Step Time =    1.000,PART-1-1,42,-5,18.75,0,NA,NA,,8.19E-01,-8.12E-01,-1.09E-01,2.29E-07
C:/temp/dataset/test2/8_1.odb,Step-1,Increment      1: Step Time =    1.000,PART-1-1,43,5,16.875,0,NA,NA,,7.82E-01,-7.76E-01,9.64E-02,1.87E-07
C:/temp/dataset/test2/8_1.odb,Step-1,Increment      1: Step Time =    1.000,PART-1-1,44,3,16.875,0,NA,NA,,7.77E-01,-7.75E-01,5.54E-02,1.27E-06
C:/temp/dataset/test2/8_1.odb,Step-1,Increment      1: Step Time =    1.000,PART-1-1,45,1,16.875,0,NA,NA,,7.75E-01,-7.75E-01,1.43E-02,1.71E-06
C:/temp/dataset/test2/8_1.odb,Step-1,Increment      1: Step Time =    1.000,PART-1-1,46,-1,16.875,0,NA,NA,,7.75E-01,-7.75E-01,-2.67E-02,1.70E-06
C:/temp/dataset/test2/8_1.odb,Step-1,Increment      1: Step Time =    1.000,PART-1-1,47,-3,16.875,0,NA,NA,,7.77E-01,-7.74E-01,-6.78E-02,1.27E-06
C:/temp/dataset/test2/8_1.odb,Step-1,Increment      1: Step Time =    1.000,PART-1-1,48,-5,16.875,0,NA,NA,,7.81E-01,-7.74E-01,-1.09E-01,2.00E-07
C:/temp/dataset/test2/8_1.odb,Step-1,Increment      1: Step Time =    1.000,PART-1-1,49,5,15,0,NA,NA,,7.44E-01,-7.37E-01,9.68E-02,1.81E-06
C:/temp/dataset/test2/8_1.odb,Step-1,Increment      1: Step Time =    1.000,PART-1-1,50,3,15,0,NA,NA,,7.39E-01,-7.37E-01,5.58E-02,3.70E-06
C:/temp/dataset/test2/8_1.odb,Step-1,Increment      1: Step Time =    1.000,PART-1-1,51,1,15,0,NA,NA,,7.37E-01,-7.36E-01,1.47E-02,4.52E-06
C:/temp/dataset/test2/8_1.odb,Step-1,Increment      1: Step Time =    1.000,PART-1-1,52,-1,15,0,NA,NA,,7.37E-01,-7.36E-01,-2.63E-02,4.49E-06
C:/temp/dataset/test2/8_1.odb,Step-1,Increment      1: Step Time =    1.000,PART-1-1,53,-3,15,0,NA,NA,,7.39E-01,-7.36E-01,-6.74E-02,3.64E-06
C:/temp/dataset/test2/8_1.odb,Step-1,Increment      1: Step Time =    1.000,PART-1-1,54,-5,15,0,NA,NA,,7.43E-01,-7.35E-01,-1.08E-01,1.82E-06
C:/temp/dataset/test2/8_1.odb,Step-1,Increment      1: Step Time =    1.000,PART-1-1,55,5,13.125,0,NA,NA,,7.06E-01,-6.99E-01,9.72E-02,6.47E-06
C:/temp/dataset/test2/8_1.odb,Step-1,Increment      1: Step Time =    1.000,PART-1-1,56,3,13.125,0,NA,NA,,7.01E-01,-6.98E-01,5.62E-02,8.81E-06
C:/temp/dataset/test2/8_1.odb,Step-1,Increment      1: Step Time =    1.000,PART-1-1,57,1,13.125,0,NA,NA,,6.98E-01,-6.98E-01,1.51E-02,1.01E-05
C:/temp/dataset/test2/8_1.odb,Step-1,Increment      1: Step Time =    1.000,PART-1-1,58,-1,13.125,0,NA,NA,,6.98E-01,-6.98E-01,-2.59E-02,9.83E-06
C:/temp/dataset/test2/8_1.odb,Step-1,Increment      1: Step Time =    1.000,PART-1-1,59,-3,13.125,0,NA,NA,,7.00E-01,-6.97E-01,-6.70E-02,8.37E-06
C:/temp/dataset/test2/8_1.odb,Step-1,Increment      1: Step Time =    1.000,PART-1-1,60,-5,13.125,0,NA,NA,,7.05E-01,-6.97E-01,-1.08E-01,6.34E-06
C:/temp/dataset/test2/8_1.odb,Step-1,Increment      1: Step Time =    1.000,PART-1-1,61,5,11.25,0,NA,NA,,6.67E-01,-6.60E-01,9.76E-02,1.79E-05
C:/temp/dataset/test2/8_1.odb,Step-1,Increment      1: Step Time =    1.000,PART-1-1,62,3,11.25,0,NA,NA,,6.62E-01,-6.60E-01,5.66E-02,1.77E-05
C:/temp/dataset/test2/8_1.odb,Step-1,Increment      1: Step Time =    1.000,PART-1-1,63,1,11.25,0,NA,NA,,6.60E-01,-6.59E-01,1.56E-02,1.87E-05
C:/temp/dataset/test2/8_1.odb,Step-1,Increment      1: Step Time =    1.000,PART-1-1,64,-1,11.25,0,NA,NA,,6.60E-01,-6.59E-01,-2.55E-02,1.78E-05
C:/temp/dataset/test2/8_1.odb,Step-1,Increment      1: Step Time =    1.000,PART-1-1,65,-3,11.25,0,NA,NA,,6.62E-01,-6.59E-01,-6.66E-02,1.58E-05
C:/temp/dataset/test2/8_1.odb,Step-1,Increment      1: Step Time =    1.000,PART-1-1,66,-5,11.25,0,NA,NA,,6.67E-01,-6.58E-01,-1.08E-01,1.64E-05
C:/temp/dataset/test2/8_1.odb,Step-1,Increment      1: Step Time =    1.000,PART-1-1,67,5,9.375,0,NA,NA,,6.29E-01,-6.22E-01,9.80E-02,4.08E-05
C:/temp/dataset/test2/8_1.odb,Step-1,Increment      1: Step Time =    1.000,PART-1-1,68,3,9.375,0,NA,NA,,6.24E-01,-6.21E-01,5.70E-02,2.98E-05
C:/temp/dataset/test2/8_1.odb,Step-1,Increment      1: Step Time =    1.000,PART-1-1,69,1,9.375,0,NA,NA,,6.21E-01,-6.21E-01,1.60E-02,2.79E-05
C:/temp/dataset/test2/8_1.odb,Step-1,Increment      1: Step Time =    1.000,PART-1-1,70,-1,9.375,0,NA,NA,,6.21E-01,-6.21E-01,-2.51E-02,2.49E-05
C:/temp/dataset/test2/8_1.odb,Step-1,Increment      1: Step Time =    1.000,PART-1-1,71,-3,9.375,0,NA,NA,,6.24E-01,-6.20E-01,-6.62E-02,2.24E-05
C:/temp/dataset/test2/8_1.odb,Step-1,Increment      1: Step Time =    1.000,PART-1-1,72,-5,9.375,0,NA,NA,,6.29E-01,-6.20E-01,-1.07E-01,3.40E-05
C:/temp/dataset/test2/8_1.odb,Step-1,Increment      1: Step Time =    1.000,PART-1-1,73,5,7.5,0,NA,NA,,5.92E-01,-5.83E-01,9.82E-02,8.73E-05
C:/temp/dataset/test2/8_1.odb,Step-1,Increment      1: Step Time =    1.000,PART-1-1,74,3,7.5,0,NA,NA,,5.86E-01,-5.83E-01,5.74E-02,2.92E-05
C:/temp/dataset/test2/8_1.odb,Step-1,Increment      1: Step Time =    1.000,PART-1-1,75,1,7.5,0,NA,NA,,5.83E-01,-5.83E-01,1.64E-02,3.30E-05
C:/temp/dataset/test2/8_1.odb,Step-1,Increment      1: Step Time =    1.000,PART-1-1,76,-1,7.5,0,NA,NA,,5.83E-01,-5.82E-01,-2.47E-02,2.41E-05
C:/temp/dataset/test2/8_1.odb,Step-1,Increment      1: Step Time =    1.000,PART-1-1,77,-3,7.5,0,NA,NA,,5.85E-01,-5.82E-01,-6.58E-02,1.72E-05
C:/temp/dataset/test2/8_1.odb,Step-1,Increment      1: Step Time =    1.000,PART-1-1,78,-5,7.5,0,NA,NA,,5.91E-01,-5.81E-01,-1.07E-01,5.58E-05
C:/temp/dataset/test2/8_1.odb,Step-1,Increment      1: Step Time =    1.000,PART-1-1,79,5,5.625,0,NA,NA,,5.54E-01,-5.45E-01,9.85E-02,1.98E-04
C:/temp/dataset/test2/8_1.odb,Step-1,Increment      1: Step Time =    1.000,PART-1-1,80,3,5.625,0,NA,NA,,5.48E-01,-5.45E-01,5.78E-02,1.25E-04
C:/temp/dataset/test2/8_1.odb,Step-1,Increment      1: Step Time =    1.000,PART-1-1,81,1,5.625,0,NA,NA,,5.44E-01,-5.44E-01,1.68E-02,1.19E-04
C:/temp/dataset/test2/8_1.odb,Step-1,Increment      1: Step Time =    1.000,PART-1-1,82,-1,5.625,0,NA,NA,,5.44E-01,-5.44E-01,-2.43E-02,8.56E-05
C:/temp/dataset/test2/8_1.odb,Step-1,Increment      1: Step Time =    1.000,PART-1-1,83,-3,5.625,0,NA,NA,,5.47E-01,-5.43E-01,-6.54E-02,3.89E-05
C:/temp/dataset/test2/8_1.odb,Step-1,Increment      1: Step Time =    1.000,PART-1-1,84,-5,5.625,0,NA,NA,,5.53E-01,-5.43E-01,-1.07E-01,6.30E-05
C:/temp/dataset/test2/8_1.odb,Step-1,Increment      1: Step Time =    1.000,PART-1-1,85,5,3.75,0,NA,NA,,5.17E-01,-5.08E-01,9.84E-02,5.43E-04
C:/temp/dataset/test2/8_1.odb,Step-1,Increment      1: Step Time =    1.000,PART-1-1,86,3,3.75,0,NA,NA,,5.10E-01,-5.07E-01,5.80E-02,5.81E-04
C:/temp/dataset/test2/8_1.odb,Step-1,Increment      1: Step Time =    1.000,PART-1-1,87,1,3.75,0,NA,NA,,5.06E-01,-5.06E-01,1.70E-02,3.77E-04
C:/temp/dataset/test2/8_1.odb,Step-1,Increment      1: Step Time =    1.000,PART-1-1,88,-1,3.75,0,NA,NA,,5.05E-01,-5.05E-01,-2.40E-02,2.62E-04
C:/temp/dataset/test2/8_1.odb,Step-1,Increment      1: Step Time =    1.000,PART-1-1,89,-3,3.75,0,NA,NA,,5.08E-01,-5.04E-01,-6.50E-02,1.57E-04
C:/temp/dataset/test2/8_1.odb,Step-1,Increment      1: Step Time =    1.000,PART-1-1,90,-5,3.75,0,NA,NA,,5.15E-01,-5.04E-01,-1.06E-01,1.72E-05
C:/temp/dataset/test2/8_1.odb,Step-1,Increment      1: Step Time =    1.000,PART-1-1,91,5,1.875,0,NA,NA,,4.81E-01,-4.70E-01,9.90E-02,1.07E-03
C:/temp/dataset/test2/8_1.odb,Step-1,Increment      1: Step Time =    1.000,PART-1-1,92,3,1.875,0,NA,NA,,4.72E-01,-4.68E-01,5.76E-02,1.08E-03
C:/temp/dataset/test2/8_1.odb,Step-1,Increment      1: Step Time =    1.000,PART-1-1,93,1,1.875,0,NA,NA,,4.67E-01,-4.67E-01,1.69E-02,7.24E-04
C:/temp/dataset/test2/8_1.odb,Step-1,Increment      1: Step Time =    1.000,PART-1-1,94,-1,1.875,0,NA,NA,,4.66E-01,-4.65E-01,-2.37E-02,5.21E-04
C:/temp/dataset/test2/8_1.odb,Step-1,Increment      1: Step Time =    1.000,PART-1-1,95,-3,1.875,0,NA,NA,,4.69E-01,-4.65E-01,-6.45E-02,3.47E-04
C:/temp/dataset/test2/8_1.odb,Step-1,Increment      1: Step Time =    1.000,PART-1-1,96,-5,1.875,0,NA,NA,,4.77E-01,-4.65E-01,-1.06E-01,1.34E-04
C:/temp/dataset/test2/8_1.odb,Step-1,Increment      1: Step Time =    1.000,PART-1-1,97,5,0,0,NA,NA,,4.41E-01,-4.30E-01,9.93E-02,7.41E-04
C:/temp/dataset/test2/8_1.odb,Step-1,Increment      1: Step Time =    1.000,PART-1-1,98,3,0,0,NA,NA,,4.32E-01,-4.28E-01,5.71E-02,1.16E-03
C:/temp/dataset/test2/8_1.odb,Step-1,Increment      1: Step Time =    1.000,PART-1-1,99,1,0,0,NA,NA,,4.27E-01,-4.27E-01,1.67E-02,9.76E-04
C:/temp/dataset/test2/8_1.odb,Step-1,Increment      1: Step Time =    1.000,PART-1-1,100,-1,0,0,NA,NA,,4.26E-01,-4.26E-01,-2.34E-02,7.72E-04
C:/temp/dataset/test2/8_1.odb,Step-1,Increment      1: Step Time =    1.000,PART-1-1,101,-3,0,0,NA,NA,,4.30E-01,-4.25E-01,-6.38E-02,5.74E-04
C:/temp/dataset/test2/8_1.odb,Step-1,Increment      1: Step Time =    1.000,PART-1-1,102,-5,0,0,NA,NA,,4.38E-01,-4.25E-01,-1.05E-01,4.07E-04
C:/temp/dataset/test2/8_1.odb,Step-1,Increment      1: Step Time =    1.000,PART-1-1,103,5,-1.875,0,NA,NA,,4.01E-01,-3.89E-01,9.82E-02,9.84E-04
C:/temp/dataset/test2/8_1.odb,Step-1,Increment      1: Step Time =    1.000,PART-1-1,104,3,-1.875,0,NA,NA,,3.92E-01,-3.87E-01,5.67E-02,8.56E-04
C:/temp/dataset/test2/8_1.odb,Step-1,Increment      1: Step Time =    1.000,PART-1-1,105,1,-1.875,0,NA,NA,,3.87E-01,-3.87E-01,1.67E-02,1.02E-03
C:/temp/dataset/test2/8_1.odb,Step-1,Increment      1: Step Time =    1.000,PART-1-1,106,-1,-1.875,0,NA,NA,,3.87E-01,-3.86E-01,-2.28E-02,9.34E-04
C:/temp/dataset/test2/8_1.odb,Step-1,Increment      1: Step Time =    1.000,PART-1-1,107,-3,-1.875,0,NA,NA,,3.91E-01,-3.86E-01,-6.27E-02,7.96E-04
C:/temp/dataset/test2/8_1.odb,Step-1,Increment      1: Step Time =    1.000,PART-1-1,108,-5,-1.875,0,NA,NA,,4.00E-01,-3.86E-01,-1.04E-01,7.81E-04
C:/temp/dataset/test2/8_1.odb,Step-1,Increment      1: Step Time =    1.000,PART-1-1,109,5,-3.75,0,NA,NA,,3.62E-01,-3.49E-01,9.67E-02,1.35E-03
C:/temp/dataset/test2/8_1.odb,Step-1,Increment      1: Step Time =    1.000,PART-1-1,110,3,-3.75,0,NA,NA,,3.52E-01,-3.48E-01,5.61E-02,9.72E-04
C:/temp/dataset/test2/8_1.odb,Step-1,Increment      1: Step Time =    1.000,PART-1-1,111,1,-3.75,0,NA,NA,,3.47E-01,-3.47E-01,1.67E-02,9.96E-04
C:/temp/dataset/test2/8_1.odb,Step-1,Increment      1: Step Time =    1.000,PART-1-1,112,-1,-3.75,0,NA,NA,,3.47E-01,-3.47E-01,-2.21E-02,1.01E-03
C:/temp/dataset/test2/8_1.odb,Step-1,Increment      1: Step Time =    1.000,PART-1-1,113,-3,-3.75,0,NA,NA,,3.52E-01,-3.47E-01,-6.13E-02,1.00E-03
C:/temp/dataset/test2/8_1.odb,Step-1,Increment      1: Step Time =    1.000,PART-1-1,114,-5,-3.75,0,NA,NA,,3.62E-01,-3.47E-01,-1.02E-01,1.21E-03
C:/temp/dataset/test2/8_1.odb,Step-1,Increment      1: Step Time =    1.000,PART-1-1,115,5,-5.625,0,NA,NA,,3.25E-01,-3.11E-01,9.45E-02,1.73E-03
C:/temp/dataset/test2/8_1.odb,Step-1,Increment      1: Step Time =    1.000,PART-1-1,116,3,-5.625,0,NA,NA,,3.14E-01,-3.09E-01,5.50E-02,1.19E-03
C:/temp/dataset/test2/8_1.odb,Step-1,Increment      1: Step Time =    1.000,PART-1-1,117,1,-5.625,0,NA,NA,,3.09E-01,-3.08E-01,1.67E-02,1.00E-03
C:/temp/dataset/test2/8_1.odb,Step-1,Increment      1: Step Time =    1.000,PART-1-1,118,-1,-5.625,0,NA,NA,,3.09E-01,-3.08E-01,-2.12E-02,1.04E-03
C:/temp/dataset/test2/8_1.odb,Step-1,Increment      1: Step Time =    1.000,PART-1-1,119,-3,-5.625,0,NA,NA,,3.14E-01,-3.08E-01,-5.94E-02,1.21E-03
C:/temp/dataset/test2/8_1.odb,Step-1,Increment      1: Step Time =    1.000,PART-1-1,120,-5,-5.625,0,NA,NA,,3.24E-01,-3.09E-01,-9.88E-02,1.65E-03
C:/temp/dataset/test2/8_1.odb,Step-1,Increment      1: Step Time =    1.000,PART-1-1,121,5,-7.5,0,NA,NA,,2.88E-01,-2.73E-01,9.16E-02,2.13E-03
C:/temp/dataset/test2/8_1.odb,Step-1,Increment      1: Step Time =    1.000,PART-1-1,122,3,-7.5,0,NA,NA,,2.77E-01,-2.72E-01,5.34E-02,1.42E-03
C:/temp/dataset/test2/8_1.odb,Step-1,Increment      1: Step Time =    1.000,PART-1-1,123,1,-7.5,0,NA,NA,,2.71E-01,-2.70E-01,1.64E-02,1.04E-03
C:/temp/dataset/test2/8_1.odb,Step-1,Increment      1: Step Time =    1.000,PART-1-1,124,-1,-7.5,0,NA,NA,,2.71E-01,-2.70E-01,-2.01E-02,1.06E-03
C:/temp/dataset/test2/8_1.odb,Step-1,Increment      1: Step Time =    1.000,PART-1-1,125,-3,-7.5,0,NA,NA,,2.77E-01,-2.71E-01,-5.71E-02,1.43E-03
C:/temp/dataset/test2/8_1.odb,Step-1,Increment      1: Step Time =    1.000,PART-1-1,126,-5,-7.5,0,NA,NA,,2.88E-01,-2.72E-01,-9.53E-02,2.09E-03
C:/temp/dataset/test2/8_1.odb,Step-1,Increment      1: Step Time =    1.000,PART-1-1,127,5,-9.375,0,NA,NA,,2.53E-01,-2.37E-01,8.80E-02,2.54E-03
C:/temp/dataset/test2/8_1.odb,Step-1,Increment      1: Step Time =    1.000,PART-1-1,128,3,-9.375,0,NA,NA,,2.41E-01,-2.35E-01,5.14E-02,1.65E-03
C:/temp/dataset/test2/8_1.odb,Step-1,Increment      1: Step Time =    1.000,PART-1-1,129,1,-9.375,0,NA,NA,,2.35E-01,-2.34E-01,1.60E-02,1.08E-03
C:/temp/dataset/test2/8_1.odb,Step-1,Increment      1: Step Time =    1.000,PART-1-1,130,-1,-9.375,0,NA,NA,,2.35E-01,-2.34E-01,-1.90E-02,1.09E-03
C:/temp/dataset/test2/8_1.odb,Step-1,Increment      1: Step Time =    1.000,PART-1-1,131,-3,-9.375,0,NA,NA,,2.41E-01,-2.34E-01,-5.44E-02,1.65E-03
C:/temp/dataset/test2/8_1.odb,Step-1,Increment      1: Step Time =    1.000,PART-1-1,132,-5,-9.375,0,NA,NA,,2.53E-01,-2.36E-01,-9.11E-02,2.52E-03
C:/temp/dataset/test2/8_1.odb,Step-1,Increment      1: Step Time =    1.000,PART-1-1,133,5,-11.25,0,NA,NA,,2.20E-01,-2.03E-01,8.37E-02,2.96E-03
C:/temp/dataset/test2/8_1.odb,Step-1,Increment      1: Step Time =    1.000,PART-1-1,134,3,-11.25,0,NA,NA,,2.07E-01,-2.01E-01,4.90E-02,1.89E-03
C:/temp/dataset/test2/8_1.odb,Step-1,Increment      1: Step Time =    1.000,PART-1-1,135,1,-11.25,0,NA,NA,,2.00E-01,-1.99E-01,1.54E-02,1.13E-03
C:/temp/dataset/test2/8_1.odb,Step-1,Increment      1: Step Time =    1.000,PART-1-1,136,-1,-11.25,0,NA,NA,,2.00E-01,-1.99E-01,-1.77E-02,1.13E-03
C:/temp/dataset/test2/8_1.odb,Step-1,Increment      1: Step Time =    1.000,PART-1-1,137,-3,-11.25,0,NA,NA,,2.06E-01,-2.00E-01,-5.13E-02,1.89E-03
C:/temp/dataset/test2/8_1.odb,Step-1,Increment      1: Step Time =    1.000,PART-1-1,138,-5,-11.25,0,NA,NA,,2.19E-01,-2.02E-01,-8.61E-02,2.95E-03
C:/temp/dataset/test2/8_1.odb,Step-1,Increment      1: Step Time =    1.000,PART-1-1,139,5,-13.125,0,NA,NA,,1.88E-01,-1.71E-01,7.87E-02,3.38E-03
C:/temp/dataset/test2/8_1.odb,Step-1,Increment      1: Step Time =    1.000,PART-1-1,140,3,-13.125,0,NA,NA,,1.74E-01,-1.68E-01,4.61E-02,2.13E-03
C:/temp/dataset/test2/8_1.odb,Step-1,Increment      1: Step Time =    1.000,PART-1-1,141,1,-13.125,0,NA,NA,,1.67E-01,-1.66E-01,1.47E-02,1.18E-03
C:/temp/dataset/test2/8_1.odb,Step-1,Increment      1: Step Time =    1.000,PART-1-1,142,-1,-13.125,0,NA,NA,,1.67E-01,-1.66E-01,-1.64E-02,1.17E-03
C:/temp/dataset/test2/8_1.odb,Step-1,Increment      1: Step Time =    1.000,PART-1-1,143,-3,-13.125,0,NA,NA,,1.74E-01,-1.67E-01,-4.78E-02,2.12E-03
C:/temp/dataset/test2/8_1.odb,Step-1,Increment      1: Step Time =    1.000,PART-1-1,144,-5,-13.125,0,NA,NA,,1.87E-01,-1.69E-01,-8.05E-02,3.37E-03
C:/temp/dataset/test2/8_1.odb,Step-1,Increment      1: Step Time =    1.000,PART-1-1,145,5,-15,0,NA,NA,,1.58E-01,-1.40E-01,7.29E-02,3.80E-03
C:/temp/dataset/test2/8_1.odb,Step-1,Increment      1: Step Time =    1.000,PART-1-1,146,3,-15,0,NA,NA,,1.44E-01,-1.37E-01,4.27E-02,2.37E-03
C:/temp/dataset/test2/8_1.odb,Step-1,Increment      1: Step Time =    1.000,PART-1-1,147,1,-15,0,NA,NA,,1.36E-01,-1.36E-01,1.37E-02,1.23E-03
C:/temp/dataset/test2/8_1.odb,Step-1,Increment      1: Step Time =    1.000,PART-1-1,148,-1,-15,0,NA,NA,,1.36E-01,-1.35E-01,-1.49E-02,1.22E-03
C:/temp/dataset/test2/8_1.odb,Step-1,Increment      1: Step Time =    1.000,PART-1-1,149,-3,-15,0,NA,NA,,1.43E-01,-1.37E-01,-4.40E-02,2.36E-03
C:/temp/dataset/test2/8_1.odb,Step-1,Increment      1: Step Time =    1.000,PART-1-1,150,-5,-15,0,NA,NA,,1.58E-01,-1.39E-01,-7.43E-02,3.79E-03
C:/temp/dataset/test2/8_1.odb,Step-1,Increment      1: Step Time =    1.000,PART-1-1,151,5,-16.875,0,NA,NA,,1.30E-01,-1.12E-01,6.63E-02,4.22E-03
C:/temp/dataset/test2/8_1.odb,Step-1,Increment      1: Step Time =    1.000,PART-1-1,152,3,-16.875,0,NA,NA,,1.16E-01,-1.09E-01,3.88E-02,2.62E-03
C:/temp/dataset/test2/8_1.odb,Step-1,Increment      1: Step Time =    1.000,PART-1-1,153,1,-16.875,0,NA,NA,,1.08E-01,-1.07E-01,1.25E-02,1.28E-03
C:/temp/dataset/test2/8_1.odb,Step-1,Increment      1: Step Time =    1.000,PART-1-1,154,-1,-16.875,0,NA,NA,,1.08E-01,-1.07E-01,-1.34E-02,1.28E-03
C:/temp/dataset/test2/8_1.odb,Step-1,Increment      1: Step Time =    1.000,PART-1-1,155,-3,-16.875,0,NA,NA,,1.15E-01,-1.08E-01,-3.97E-02,2.61E-03
C:/temp/dataset/test2/8_1.odb,Step-1,Increment      1: Step Time =    1.000,PART-1-1,156,-5,-16.875,0,NA,NA,,1.30E-01,-1.11E-01,-6.73E-02,4.22E-03
C:/temp/dataset/test2/8_1.odb,Step-1,Increment      1: Step Time =    1.000,PART-1-1,157,5,-18.75,0,NA,NA,,1.05E-01,-8.68E-02,5.90E-02,4.64E-03
C:/temp/dataset/test2/8_1.odb,Step-1,Increment      1: Step Time =    1.000,PART-1-1,158,3,-18.75,0,NA,NA,,9.02E-02,-8.33E-02,3.45E-02,2.87E-03
C:/temp/dataset/test2/8_1.odb,Step-1,Increment      1: Step Time =    1.000,PART-1-1,159,1,-18.75,0,NA,NA,,8.22E-02,-8.15E-02,1.12E-02,1.34E-03
C:/temp/dataset/test2/8_1.odb,Step-1,Increment      1: Step Time =    1.000,PART-1-1,160,-1,-18.75,0,NA,NA,,8.22E-02,-8.13E-02,-1.17E-02,1.33E-03
C:/temp/dataset/test2/8_1.odb,Step-1,Increment      1: Step Time =    1.000,PART-1-1,161,-3,-18.75,0,NA,NA,,9.00E-02,-8.28E-02,-3.51E-02,2.85E-03
C:/temp/dataset/test2/8_1.odb,Step-1,Increment      1: Step Time =    1.000,PART-1-1,162,-5,-18.75,0,NA,NA,,1.05E-01,-8.60E-02,-5.97E-02,4.64E-03
C:/temp/dataset/test2/8_1.odb,Step-1,Increment      1: Step Time =    1.000,PART-1-1,163,5,-20.625,0,NA,NA,,8.21E-02,-6.44E-02,5.10E-02,5.07E-03
C:/temp/dataset/test2/8_1.odb,Step-1,Increment      1: Step Time =    1.000,PART-1-1,164,3,-20.625,0,NA,NA,,6.75E-02,-6.06E-02,2.98E-02,3.11E-03
C:/temp/dataset/test2/8_1.odb,Step-1,Increment      1: Step Time =    1.000,PART-1-1,165,1,-20.625,0,NA,NA,,5.95E-02,-5.87E-02,9.70E-03,1.41E-03
C:/temp/dataset/test2/8_1.odb,Step-1,Increment      1: Step Time =    1.000,PART-1-1,166,-1,-20.625,0,NA,NA,,5.94E-02,-5.86E-02,-9.96E-03,1.39E-03
C:/temp/dataset/test2/8_1.odb,Step-1,Increment      1: Step Time =    1.000,PART-1-1,167,-3,-20.625,0,NA,NA,,6.73E-02,-6.03E-02,-3.00E-02,3.10E-03
C:/temp/dataset/test2/8_1.odb,Step-1,Increment      1: Step Time =    1.000,PART-1-1,168,-5,-20.625,0,NA,NA,,8.19E-02,-6.38E-02,-5.14E-02,5.06E-03
C:/temp/dataset/test2/8_1.odb,Step-1,Increment      1: Step Time =    1.000,PART-1-1,169,5,-22.5,0,NA,NA,,6.18E-02,-4.52E-02,4.22E-02,5.48E-03
C:/temp/dataset/test2/8_1.odb,Step-1,Increment      1: Step Time =    1.000,PART-1-1,170,3,-22.5,0,NA,NA,,4.79E-02,-4.11E-02,2.45E-02,3.37E-03
C:/temp/dataset/test2/8_1.odb,Step-1,Increment      1: Step Time =    1.000,PART-1-1,171,1,-22.5,0,NA,NA,,3.99E-02,-3.91E-02,8.00E-03,1.48E-03
C:/temp/dataset/test2/8_1.odb,Step-1,Increment      1: Step Time =    1.000,PART-1-1,172,-1,-22.5,0,NA,NA,,3.98E-02,-3.90E-02,-8.09E-03,1.46E-03
C:/temp/dataset/test2/8_1.odb,Step-1,Increment      1: Step Time =    1.000,PART-1-1,173,-3,-22.5,0,NA,NA,,4.77E-02,-4.09E-02,-2.46E-02,3.35E-03
C:/temp/dataset/test2/8_1.odb,Step-1,Increment      1: Step Time =    1.000,PART-1-1,174,-5,-22.5,0,NA,NA,,6.16E-02,-4.47E-02,-4.24E-02,5.47E-03
C:/temp/dataset/test2/8_1.odb,Step-1,Increment      1: Step Time =    1.000,PART-1-1,175,5,-24.375,0,NA,NA,,4.40E-02,-2.94E-02,3.27E-02,5.89E-03
C:/temp/dataset/test2/8_1.odb,Step-1,Increment      1: Step Time =    1.000,PART-1-1,176,3,-24.375,0,NA,NA,,3.14E-02,-2.51E-02,1.88E-02,3.63E-03
C:/temp/dataset/test2/8_1.odb,Step-1,Increment      1: Step Time =    1.000,PART-1-1,177,1,-24.375,0,NA,NA,,2.37E-02,-2.29E-02,6.11E-03,1.59E-03
C:/temp/dataset/test2/8_1.odb,Step-1,Increment      1: Step Time =    1.000,PART-1-1,178,-1,-24.375,0,NA,NA,,2.36E-02,-2.28E-02,-6.10E-03,1.56E-03
C:/temp/dataset/test2/8_1.odb,Step-1,Increment      1: Step Time =    1.000,PART-1-1,179,-3,-24.375,0,NA,NA,,3.12E-02,-2.49E-02,-1.88E-02,3.61E-03
C:/temp/dataset/test2/8_1.odb,Step-1,Increment      1: Step Time =    1.000,PART-1-1,180,-5,-24.375,0,NA,NA,,4.39E-02,-2.92E-02,-3.28E-02,5.88E-03
C:/temp/dataset/test2/8_1.odb,Step-1,Increment      1: Step Time =    1.000,PART-1-1,181,5,-26.25,0,NA,NA,,2.85E-02,-1.73E-02,2.26E-02,6.14E-03
C:/temp/dataset/test2/8_1.odb,Step-1,Increment      1: Step Time =    1.000,PART-1-1,182,3,-26.25,0,NA,NA,,1.79E-02,-1.28E-02,1.25E-02,4.00E-03
C:/temp/dataset/test2/8_1.odb,Step-1,Increment      1: Step Time =    1.000,PART-1-1,183,1,-26.25,0,NA,NA,,1.12E-02,-1.05E-02,3.99E-03,1.64E-03
C:/temp/dataset/test2/8_1.odb,Step-1,Increment      1: Step Time =    1.000,PART-1-1,184,-1,-26.25,0,NA,NA,,1.12E-02,-1.04E-02,-3.95E-03,1.62E-03
C:/temp/dataset/test2/8_1.odb,Step-1,Increment      1: Step Time =    1.000,PART-1-1,185,-3,-26.25,0,NA,NA,,1.78E-02,-1.27E-02,-1.25E-02,3.98E-03
C:/temp/dataset/test2/8_1.odb,Step-1,Increment      1: Step Time =    1.000,PART-1-1,186,-5,-26.25,0,NA,NA,,2.84E-02,-1.71E-02,-2.26E-02,6.14E-03
C:/temp/dataset/test2/8_1.odb,Step-1,Increment      1: Step Time =    1.000,PART-1-1,187,5,-28.125,0,NA,NA,,1.48E-02,-8.69E-03,1.20E-02,6.90E-03
C:/temp/dataset/test2/8_1.odb,Step-1,Increment      1: Step Time =    1.000,PART-1-1,188,3,-28.125,0,NA,NA,,7.52E-03,-4.44E-03,6.07E-03,4.24E-03
C:/temp/dataset/test2/8_1.odb,Step-1,Increment      1: Step Time =    1.000,PART-1-1,189,1,-28.125,0,NA,NA,,2.96E-03,-2.33E-03,1.83E-03,1.54E-03
C:/temp/dataset/test2/8_1.odb,Step-1,Increment      1: Step Time =    1.000,PART-1-1,190,-1,-28.125,0,NA,NA,,2.92E-03,-2.30E-03,-1.81E-03,1.51E-03
C:/temp/dataset/test2/8_1.odb,Step-1,Increment      1: Step Time =    1.000,PART-1-1,191,-3,-28.125,0,NA,NA,,7.46E-03,-4.36E-03,-6.05E-03,4.21E-03
C:/temp/dataset/test2/8_1.odb,Step-1,Increment      1: Step Time =    1.000,PART-1-1,192,-5,-28.125,0,NA,NA,,1.48E-02,-8.60E-03,-1.20E-02,6.91E-03
C:/temp/dataset/test2/8_1.odb,Step-1,Increment      1: Step Time =    1.000,PART-1-1,193,5,-30,0,NA,NA,,0,-2.00E-39,3.61E-39,8.63E-03
C:/temp/dataset/test2/8_1.odb,Step-1,Increment      1: Step Time =    1.000,PART-1-1,194,3,-30,0,NA,NA,,0,-1.77E-39,4.84E-39,2.92E-03
C:/temp/dataset/test2/8_1.odb,Step-1,Increment      1: Step Time =    1.000,PART-1-1,195,1,-30,0,NA,NA,,0,2.92E-41,1.46E-39,1.16E-03
C:/temp/dataset/test2/8_1.odb,Step-1,Increment      1: Step Time =    1.000,PART-1-1,196,-1,-30,0,NA,NA,,0,8.27E-40,-1.58E-39,1.16E-03
C:/temp/dataset/test2/8_1.odb,Step-1,Increment      1: Step Time =    1.000,PART-1-1,197,-3,-30,0,NA,NA,,0,-6.66E-40,-4.68E-39,2.91E-03
C:/temp/dataset/test2/8_1.odb,Step-1,Increment      1: Step Time =    1.000,PART-1-1,198,-5,-30,0,NA,NA,,0,-1.98E-39,-3.58E-39,8.60E-03
C:/temp/dataset/test2/8_1.odb,Step-1,Increment      1: Step Time =    1.000,PART-1-1,199,4,30,0,NA,NA,,1.04753,-1.04497,7.32E-02,1.57E-09
C:/temp/dataset/test2/8_1.odb,Step-1,Increment      1: Step Time =    1.000,PART-1-1,200,3,29.0625,0,NA,NA,,1.02688,-1.02552,5.28E-02,9.64E-09
C:/temp/dataset/test2/8_1.odb,Step-1,Increment      1: Step Time =    1.000,PART-1-1,201,4,28.125,0,NA,NA,,1.00917,-1.00648,7.36E-02,9.04E-09
C:/temp/dataset/test2/8_1.odb,Step-1,Increment      1: Step Time =    1.000,PART-1-1,202,5,29.0625,0,NA,NA,,1.03022,-1.02594,9.39E-02,1.71E-09
C:/temp/dataset/test2/8_1.odb,Step-1,Increment      1: Step Time =    1.000,PART-1-1,203,2,30,0,NA,NA,,1.04504,-1.04455,3.21E-02,1.01E-08
C:/temp/dataset/test2/8_1.odb,Step-1,Increment      1: Step Time =    1.000,PART-1-1,204,1,29.0625,0,NA,NA,,1.02516,-1.02509,1.18E-02,1.61E-08
C:/temp/dataset/test2/8_1.odb,Step-1,Increment      1: Step Time =    1.000,PART-1-1,205,2,28.125,0,NA,NA,,1.00659,-1.00606,3.25E-02,1.68E-08
C:/temp/dataset/test2/8_1.odb,Step-1,Increment      1: Step Time =    1.000,PART-1-1,206,0,30,0,NA,NA,,1.04416,-1.04413,-8.95E-03,1.61E-08
C:/temp/dataset/test2/8_1.odb,Step-1,Increment      1: Step Time =    1.000,PART-1-1,207,-1,29.0625,0,NA,NA,,1.02509,-1.02467,-2.93E-02,1.61E-08
C:/temp/dataset/test2/8_1.odb,Step-1,Increment      1: Step Time =    1.000,PART-1-1,208,0,28.125,0,NA,NA,,1.00568,-1.00564,-8.55E-03,1.57E-08
C:/temp/dataset/test2/8_1.odb,Step-1,Increment      1: Step Time =    1.000,PART-1-1,209,-2,30,0,NA,NA,,1.0449,-1.0437,-5.00E-02,1.01E-08
C:/temp/dataset/test2/8_1.odb,Step-1,Increment      1: Step Time =    1.000,PART-1-1,210,-3,29.0625,0,NA,NA,,1.02666,-1.02425,-7.03E-02,9.64E-09
C:/temp/dataset/test2/8_1.odb,Step-1,Increment      1: Step Time =    1.000,PART-1-1,211,-2,28.125,0,NA,NA,,1.00644,-1.00522,-4.96E-02,1.68E-08
C:/temp/dataset/test2/8_1.odb,Step-1,Increment      1: Step Time =    1.000,PART-1-1,212,-4,30,0,NA,NA,,1.04725,-1.04328,-9.10E-02,1.57E-09
C:/temp/dataset/test2/8_1.odb,Step-1,Increment      1: Step Time =    1.000,PART-1-1,213,-5,29.0625,0,NA,NA,,1.02987,-1.02383,-1.11E-01,1.72E-09
C:/temp/dataset/test2/8_1.odb,Step-1,Increment      1: Step Time =    1.000,PART-1-1,214,-4,28.125,0,NA,NA,,1.00888,-1.0048,-9.07E-02,9.05E-09
C:/temp/dataset/test2/8_1.odb,Step-1,Increment      1: Step Time =    1.000,PART-1-1,215,3,27.1875,0,NA,NA,,9.88E-01,-9.87E-01,5.32E-02,2.55E-08
C:/temp/dataset/test2/8_1.odb,Step-1,Increment      1: Step Time =    1.000,PART-1-1,216,4,26.25,0,NA,NA,,9.71E-01,-9.68E-01,7.39E-02,2.40E-08
C:/temp/dataset/test2/8_1.odb,Step-1,Increment      1: Step Time =    1.000,PART-1-1,217,5,27.1875,0,NA,NA,,9.92E-01,-9.87E-01,9.43E-02,1.46E-08
C:/temp/dataset/test2/8_1.odb,Step-1,Increment      1: Step Time =    1.000,PART-1-1,218,1,27.1875,0,NA,NA,,9.87E-01,-9.87E-01,1.22E-02,2.68E-08
C:/temp/dataset/test2/8_1.odb,Step-1,Increment      1: Step Time =    1.000,PART-1-1,219,2,26.25,0,NA,NA,,9.68E-01,-9.68E-01,3.29E-02,3.19E-08
C:/temp/dataset/test2/8_1.odb,Step-1,Increment      1: Step Time =    1.000,PART-1-1,220,-1,27.1875,0,NA,NA,,9.87E-01,-9.86E-01,-2.89E-02,2.68E-08
C:/temp/dataset/test2/8_1.odb,Step-1,Increment      1: Step Time =    1.000,PART-1-1,221,0,26.25,0,NA,NA,,9.67E-01,-9.67E-01,-8.16E-03,3.17E-08
C:/temp/dataset/test2/8_1.odb,Step-1,Increment      1: Step Time =    1.000,PART-1-1,222,-3,27.1875,0,NA,NA,,9.88E-01,-9.86E-01,-6.99E-02,2.55E-08
C:/temp/dataset/test2/8_1.odb,Step-1,Increment      1: Step Time =    1.000,PART-1-1,223,-2,26.25,0,NA,NA,,9.68E-01,-9.67E-01,-4.92E-02,3.19E-08
C:/temp/dataset/test2/8_1.odb,Step-1,Increment      1: Step Time =    1.000,PART-1-1,224,-5,27.1875,0,NA,NA,,9.92E-01,-9.85E-01,-1.11E-01,1.46E-08
C:/temp/dataset/test2/8_1.odb,Step-1,Increment      1: Step Time =    1.000,PART-1-1,225,-4,26.25,0,NA,NA,,9.71E-01,-9.66E-01,-9.03E-02,2.40E-08
C:/temp/dataset/test2/8_1.odb,Step-1,Increment      1: Step Time =    1.000,PART-1-1,226,3,25.3125,0,NA,NA,,9.50E-01,-9.49E-01,5.36E-02,4.68E-08
C:/temp/dataset/test2/8_1.odb,Step-1,Increment      1: Step Time =    1.000,PART-1-1,227,4,24.375,0,NA,NA,,9.32E-01,-9.30E-01,7.43E-02,5.01E-08
C:/temp/dataset/test2/8_1.odb,Step-1,Increment      1: Step Time =    1.000,PART-1-1,228,5,25.3125,0,NA,NA,,9.54E-01,-9.49E-01,9.47E-02,4.56E-08
C:/temp/dataset/test2/8_1.odb,Step-1,Increment      1: Step Time =    1.000,PART-1-1,229,1,25.3125,0,NA,NA,,9.48E-01,-9.48E-01,1.26E-02,4.78E-08
C:/temp/dataset/test2/8_1.odb,Step-1,Increment      1: Step Time =    1.000,PART-1-1,230,2,24.375,0,NA,NA,,9.30E-01,-9.29E-01,3.33E-02,5.27E-08
C:/temp/dataset/test2/8_1.odb,Step-1,Increment      1: Step Time =    1.000,PART-1-1,231,-1,25.3125,0,NA,NA,,9.48E-01,-9.48E-01,-2.85E-02,4.78E-08
C:/temp/dataset/test2/8_1.odb,Step-1,Increment      1: Step Time =    1.000,PART-1-1,232,0,24.375,0,NA,NA,,9.29E-01,-9.29E-01,-7.76E-03,5.50E-08
C:/temp/dataset/test2/8_1.odb,Step-1,Increment      1: Step Time =    1.000,PART-1-1,233,-3,25.3125,0,NA,NA,,9.50E-01,-9.47E-01,-6.95E-02,4.68E-08
C:/temp/dataset/test2/8_1.odb,Step-1,Increment      1: Step Time =    1.000,PART-1-1,234,-2,24.375,0,NA,NA,,9.30E-01,-9.28E-01,-4.88E-02,5.27E-08
C:/temp/dataset/test2/8_1.odb,Step-1,Increment      1: Step Time =    1.000,PART-1-1,235,-5,25.3125,0,NA,NA,,9.53E-01,-9.47E-01,-1.11E-01,4.56E-08
C:/temp/dataset/test2/8_1.odb,Step-1,Increment      1: Step Time =    1.000,PART-1-1,236,-4,24.375,0,NA,NA,,9.32E-01,-9.28E-01,-8.99E-02,5.00E-08
C:/temp/dataset/test2/8_1.odb,Step-1,Increment      1: Step Time =    1.000,PART-1-1,237,3,23.4375,0,NA,NA,,9.12E-01,-9.10E-01,5.40E-02,6.69E-08
C:/temp/dataset/test2/8_1.odb,Step-1,Increment      1: Step Time =    1.000,PART-1-1,238,4,22.5,0,NA,NA,,8.94E-01,-8.91E-01,7.47E-02,8.57E-08
C:/temp/dataset/test2/8_1.odb,Step-1,Increment      1: Step Time =    1.000,PART-1-1,239,5,23.4375,0,NA,NA,,9.15E-01,-9.10E-01,9.51E-02,1.01E-07
C:/temp/dataset/test2/8_1.odb,Step-1,Increment      1: Step Time =    1.000,PART-1-1,240,1,23.4375,0,NA,NA,,9.10E-01,-9.10E-01,1.30E-02,6.61E-08
C:/temp/dataset/test2/8_1.odb,Step-1,Increment      1: Step Time =    1.000,PART-1-1,241,2,22.5,0,NA,NA,,8.91E-01,-8.91E-01,3.37E-02,6.27E-08
C:/temp/dataset/test2/8_1.odb,Step-1,Increment      1: Step Time =    1.000,PART-1-1,242,-1,23.4375,0,NA,NA,,9.10E-01,-9.09E-01,-2.81E-02,6.60E-08
C:/temp/dataset/test2/8_1.odb,Step-1,Increment      1: Step Time =    1.000,PART-1-1,243,0,22.5,0,NA,NA,,8.90E-01,-8.90E-01,-7.37E-03,6.99E-08
C:/temp/dataset/test2/8_1.odb,Step-1,Increment      1: Step Time =    1.000,PART-1-1,244,-3,23.4375,0,NA,NA,,9.11E-01,-9.09E-01,-6.91E-02,6.66E-08
C:/temp/dataset/test2/8_1.odb,Step-1,Increment      1: Step Time =    1.000,PART-1-1,245,-2,22.5,0,NA,NA,,8.91E-01,-8.90E-01,-4.84E-02,6.25E-08
C:/temp/dataset/test2/8_1.odb,Step-1,Increment      1: Step Time =    1.000,PART-1-1,246,-5,23.4375,0,NA,NA,,9.15E-01,-9.08E-01,-1.10E-01,1.01E-07
C:/temp/dataset/test2/8_1.odb,Step-1,Increment      1: Step Time =    1.000,PART-1-1,247,-4,22.5,0,NA,NA,,8.94E-01,-8.89E-01,-8.95E-02,8.55E-08
C:/temp/dataset/test2/8_1.odb,Step-1,Increment      1: Step Time =    1.000,PART-1-1,248,3,21.5625,0,NA,NA,,8.73E-01,-8.72E-01,5.44E-02,5.04E-08
C:/temp/dataset/test2/8_1.odb,Step-1,Increment      1: Step Time =    1.000,PART-1-1,249,4,20.625,0,NA,NA,,8.56E-01,-8.53E-01,7.51E-02,1.10E-07
C:/temp/dataset/test2/8_1.odb,Step-1,Increment      1: Step Time =    1.000,PART-1-1,250,5,21.5625,0,NA,NA,,8.77E-01,-8.72E-01,9.55E-02,1.78E-07
C:/temp/dataset/test2/8_1.odb,Step-1,Increment      1: Step Time =    1.000,PART-1-1,251,1,21.5625,0,NA,NA,,8.71E-01,-8.71E-01,1.34E-02,7.17E-08
C:/temp/dataset/test2/8_1.odb,Step-1,Increment      1: Step Time =    1.000,PART-1-1,252,2,20.625,0,NA,NA,,8.53E-01,-8.52E-01,3.41E-02,6.87E-08
C:/temp/dataset/test2/8_1.odb,Step-1,Increment      1: Step Time =    1.000,PART-1-1,253,-1,21.5625,0,NA,NA,,8.71E-01,-8.71E-01,-2.77E-02,7.15E-08
C:/temp/dataset/test2/8_1.odb,Step-1,Increment      1: Step Time =    1.000,PART-1-1,254,0,20.625,0,NA,NA,,8.52E-01,-8.52E-01,-6.97E-03,1.08E-07
C:/temp/dataset/test2/8_1.odb,Step-1,Increment      1: Step Time =    1.000,PART-1-1,255,-3,21.5625,0,NA,NA,,8.73E-01,-8.70E-01,-6.87E-02,4.98E-08
C:/temp/dataset/test2/8_1.odb,Step-1,Increment      1: Step Time =    1.000,PART-1-1,256,-2,20.625,0,NA,NA,,8.53E-01,-8.51E-01,-4.80E-02,6.89E-08
C:/temp/dataset/test2/8_1.odb,Step-1,Increment      1: Step Time =    1.000,PART-1-1,257,-5,21.5625,0,NA,NA,,8.77E-01,-8.70E-01,-1.10E-01,1.77E-07
C:/temp/dataset/test2/8_1.odb,Step-1,Increment      1: Step Time =    1.000,PART-1-1,258,-4,20.625,0,NA,NA,,8.56E-01,-8.51E-01,-8.91E-02,1.10E-07
C:/temp/dataset/test2/8_1.odb,Step-1,Increment      1: Step Time =    1.000,PART-1-1,259,3,19.6875,0,NA,NA,,8.35E-01,-8.33E-01,5.48E-02,1.53E-07
C:/temp/dataset/test2/8_1.odb,Step-1,Increment      1: Step Time =    1.000,PART-1-1,260,4,18.75,0,NA,NA,,8.18E-01,-8.14E-01,7.55E-02,1.48E-07
C:/temp/dataset/test2/8_1.odb,Step-1,Increment      1: Step Time =    1.000,PART-1-1,261,5,19.6875,0,NA,NA,,8.39E-01,-8.34E-01,9.59E-02,2.19E-07
C:/temp/dataset/test2/8_1.odb,Step-1,Increment      1: Step Time =    1.000,PART-1-1,262,1,19.6875,0,NA,NA,,8.33E-01,-8.33E-01,1.38E-02,2.96E-07
C:/temp/dataset/test2/8_1.odb,Step-1,Increment      1: Step Time =    1.000,PART-1-1,263,2,18.75,0,NA,NA,,8.14E-01,-8.14E-01,3.45E-02,3.89E-07
C:/temp/dataset/test2/8_1.odb,Step-1,Increment      1: Step Time =    1.000,PART-1-1,264,-1,19.6875,0,NA,NA,,8.33E-01,-8.32E-01,-2.73E-02,2.96E-07
C:/temp/dataset/test2/8_1.odb,Step-1,Increment      1: Step Time =    1.000,PART-1-1,265,0,18.75,0,NA,NA,,8.13E-01,-8.13E-01,-6.58E-03,4.73E-07
C:/temp/dataset/test2/8_1.odb,Step-1,Increment      1: Step Time =    1.000,PART-1-1,266,-3,19.6875,0,NA,NA,,8.35E-01,-8.32E-01,-6.84E-02,1.55E-07
C:/temp/dataset/test2/8_1.odb,Step-1,Increment      1: Step Time =    1.000,PART-1-1,267,-2,18.75,0,NA,NA,,8.14E-01,-8.13E-01,-4.76E-02,3.91E-07
C:/temp/dataset/test2/8_1.odb,Step-1,Increment      1: Step Time =    1.000,PART-1-1,268,-5,19.6875,0,NA,NA,,8.39E-01,-8.31E-01,-1.09E-01,2.16E-07
C:/temp/dataset/test2/8_1.odb,Step-1,Increment      1: Step Time =    1.000,PART-1-1,269,-4,18.75,0,NA,NA,,8.17E-01,-8.12E-01,-8.87E-02,1.50E-07
C:/temp/dataset/test2/8_1.odb,Step-1,Increment      1: Step Time =    1.000,PART-1-1,270,3,17.8125,0,NA,NA,,7.97E-01,-7.95E-01,5.52E-02,7.95E-07
C:/temp/dataset/test2/8_1.odb,Step-1,Increment      1: Step Time =    1.000,PART-1-1,271,4,16.875,0,NA,NA,,7.79E-01,-7.76E-01,7.59E-02,6.54E-07
C:/temp/dataset/test2/8_1.odb,Step-1,Increment      1: Step Time =    1.000,PART-1-1,272,5,17.8125,0,NA,NA,,8.01E-01,-7.95E-01,9.62E-02,4.69E-08
C:/temp/dataset/test2/8_1.odb,Step-1,Increment      1: Step Time =    1.000,PART-1-1,273,1,17.8125,0,NA,NA,,7.94E-01,-7.94E-01,1.41E-02,1.11E-06
C:/temp/dataset/test2/8_1.odb,Step-1,Increment      1: Step Time =    1.000,PART-1-1,274,2,16.875,0,NA,NA,,7.76E-01,-7.75E-01,3.49E-02,1.38E-06
C:/temp/dataset/test2/8_1.odb,Step-1,Increment      1: Step Time =    1.000,PART-1-1,275,-1,17.8125,0,NA,NA,,7.94E-01,-7.94E-01,-2.69E-02,1.10E-06
C:/temp/dataset/test2/8_1.odb,Step-1,Increment      1: Step Time =    1.000,PART-1-1,276,0,16.875,0,NA,NA,,7.75E-01,-7.75E-01,-6.18E-03,1.57E-06
C:/temp/dataset/test2/8_1.odb,Step-1,Increment      1: Step Time =    1.000,PART-1-1,277,-3,17.8125,0,NA,NA,,7.96E-01,-7.93E-01,-6.80E-02,7.93E-07
C:/temp/dataset/test2/8_1.odb,Step-1,Increment      1: Step Time =    1.000,PART-1-1,278,-2,16.875,0,NA,NA,,7.76E-01,-7.74E-01,-4.72E-02,1.38E-06
C:/temp/dataset/test2/8_1.odb,Step-1,Increment      1: Step Time =    1.000,PART-1-1,279,-5,17.8125,0,NA,NA,,8.00E-01,-7.93E-01,-1.09E-01,4.61E-08
C:/temp/dataset/test2/8_1.odb,Step-1,Increment      1: Step Time =    1.000,PART-1-1,280,-4,16.875,0,NA,NA,,7.79E-01,-7.74E-01,-8.83E-02,6.55E-07
C:/temp/dataset/test2/8_1.odb,Step-1,Increment      1: Step Time =    1.000,PART-1-1,281,3,15.9375,0,NA,NA,,7.58E-01,-7.56E-01,5.56E-02,2.48E-06
C:/temp/dataset/test2/8_1.odb,Step-1,Increment      1: Step Time =    1.000,PART-1-1,282,4,15,0,NA,NA,,7.41E-01,-7.37E-01,7.63E-02,2.25E-06
C:/temp/dataset/test2/8_1.odb,Step-1,Increment      1: Step Time =    1.000,PART-1-1,283,5,15.9375,0,NA,NA,,7.63E-01,-7.57E-01,9.66E-02,1.03E-06
C:/temp/dataset/test2/8_1.odb,Step-1,Increment      1: Step Time =    1.000,PART-1-1,284,1,15.9375,0,NA,NA,,7.56E-01,-7.56E-01,1.45E-02,3.11E-06
C:/temp/dataset/test2/8_1.odb,Step-1,Increment      1: Step Time =    1.000,PART-1-1,285,2,15,0,NA,NA,,7.38E-01,-7.37E-01,3.53E-02,3.74E-06
C:/temp/dataset/test2/8_1.odb,Step-1,Increment      1: Step Time =    1.000,PART-1-1,286,-1,15.9375,0,NA,NA,,7.56E-01,-7.55E-01,-2.65E-02,3.08E-06
C:/temp/dataset/test2/8_1.odb,Step-1,Increment      1: Step Time =    1.000,PART-1-1,287,0,15,0,NA,NA,,7.36E-01,-7.36E-01,-5.78E-03,4.12E-06
C:/temp/dataset/test2/8_1.odb,Step-1,Increment      1: Step Time =    1.000,PART-1-1,288,-3,15.9375,0,NA,NA,,7.58E-01,-7.55E-01,-6.76E-02,2.45E-06
C:/temp/dataset/test2/8_1.odb,Step-1,Increment      1: Step Time =    1.000,PART-1-1,289,-2,15,0,NA,NA,,7.37E-01,-7.36E-01,-4.68E-02,3.69E-06
C:/temp/dataset/test2/8_1.odb,Step-1,Increment      1: Step Time =    1.000,PART-1-1,290,-5,15.9375,0,NA,NA,,7.62E-01,-7.54E-01,-1.09E-01,1.03E-06
C:/temp/dataset/test2/8_1.odb,Step-1,Increment      1: Step Time =    1.000,PART-1-1,291,-4,15,0,NA,NA,,7.41E-01,-7.35E-01,-8.79E-02,2.22E-06
C:/temp/dataset/test2/8_1.odb,Step-1,Increment      1: Step Time =    1.000,PART-1-1,292,3,14.0625,0,NA,NA,,7.20E-01,-7.18E-01,5.60E-02,6.23E-06
C:/temp/dataset/test2/8_1.odb,Step-1,Increment      1: Step Time =    1.000,PART-1-1,293,4,13.125,0,NA,NA,,7.03E-01,-6.99E-01,7.67E-02,6.09E-06
C:/temp/dataset/test2/8_1.odb,Step-1,Increment      1: Step Time =    1.000,PART-1-1,294,5,14.0625,0,NA,NA,,7.25E-01,-7.18E-01,9.70E-02,4.18E-06
C:/temp/dataset/test2/8_1.odb,Step-1,Increment      1: Step Time =    1.000,PART-1-1,295,1,14.0625,0,NA,NA,,7.17E-01,-7.17E-01,1.49E-02,7.23E-06
C:/temp/dataset/test2/8_1.odb,Step-1,Increment      1: Step Time =    1.000,PART-1-1,296,2,13.125,0,NA,NA,,6.99E-01,-6.98E-01,3.57E-02,8.39E-06
C:/temp/dataset/test2/8_1.odb,Step-1,Increment      1: Step Time =    1.000,PART-1-1,297,-1,14.0625,0,NA,NA,,7.17E-01,-7.17E-01,-2.61E-02,7.09E-06
C:/temp/dataset/test2/8_1.odb,Step-1,Increment      1: Step Time =    1.000,PART-1-1,298,0,13.125,0,NA,NA,,6.98E-01,-6.98E-01,-5.38E-03,9.04E-06
C:/temp/dataset/test2/8_1.odb,Step-1,Increment      1: Step Time =    1.000,PART-1-1,299,-3,14.0625,0,NA,NA,,7.20E-01,-7.16E-01,-6.72E-02,5.96E-06
C:/temp/dataset/test2/8_1.odb,Step-1,Increment      1: Step Time =    1.000,PART-1-1,300,-2,13.125,0,NA,NA,,6.99E-01,-6.97E-01,-4.64E-02,8.12E-06
C:/temp/dataset/test2/8_1.odb,Step-1,Increment      1: Step Time =    1.000,PART-1-1,301,-5,14.0625,0,NA,NA,,7.24E-01,-7.16E-01,-1.08E-01,4.09E-06
C:/temp/dataset/test2/8_1.odb,Step-1,Increment      1: Step Time =    1.000,PART-1-1,302,-4,13.125,0,NA,NA,,7.02E-01,-6.97E-01,-8.75E-02,5.86E-06
C:/temp/dataset/test2/8_1.odb,Step-1,Increment      1: Step Time =    1.000,PART-1-1,303,3,12.1875,0,NA,NA,,6.81E-01,-6.79E-01,5.64E-02,1.30E-05
C:/temp/dataset/test2/8_1.odb,Step-1,Increment      1: Step Time =    1.000,PART-1-1,304,4,11.25,0,NA,NA,,6.65E-01,-6.60E-01,7.71E-02,1.39E-05
C:/temp/dataset/test2/8_1.odb,Step-1,Increment      1: Step Time =    1.000,PART-1-1,305,5,12.1875,0,NA,NA,,6.86E-01,-6.80E-01,9.74E-02,1.23E-05
C:/temp/dataset/test2/8_1.odb,Step-1,Increment      1: Step Time =    1.000,PART-1-1,306,1,12.1875,0,NA,NA,,6.79E-01,-6.79E-01,1.54E-02,1.42E-05
C:/temp/dataset/test2/8_1.odb,Step-1,Increment      1: Step Time =    1.000,PART-1-1,307,2,11.25,0,NA,NA,,6.61E-01,-6.60E-01,3.61E-02,1.60E-05
C:/temp/dataset/test2/8_1.odb,Step-1,Increment      1: Step Time =    1.000,PART-1-1,308,-1,12.1875,0,NA,NA,,6.79E-01,-6.78E-01,-2.57E-02,1.36E-05
C:/temp/dataset/test2/8_1.odb,Step-1,Increment      1: Step Time =    1.000,PART-1-1,309,0,11.25,0,NA,NA,,6.59E-01,-6.59E-01,-4.96E-03,1.66E-05
C:/temp/dataset/test2/8_1.odb,Step-1,Increment      1: Step Time =    1.000,PART-1-1,310,-3,12.1875,0,NA,NA,,6.81E-01,-6.78E-01,-6.68E-02,1.19E-05
C:/temp/dataset/test2/8_1.odb,Step-1,Increment      1: Step Time =    1.000,PART-1-1,311,-2,11.25,0,NA,NA,,6.60E-01,-6.59E-01,-4.60E-02,1.47E-05
C:/temp/dataset/test2/8_1.odb,Step-1,Increment      1: Step Time =    1.000,PART-1-1,312,-5,12.1875,0,NA,NA,,6.86E-01,-6.77E-01,-1.08E-01,1.13E-05
C:/temp/dataset/test2/8_1.odb,Step-1,Increment      1: Step Time =    1.000,PART-1-1,313,-4,11.25,0,NA,NA,,6.64E-01,-6.58E-01,-8.71E-02,1.28E-05
C:/temp/dataset/test2/8_1.odb,Step-1,Increment      1: Step Time =    1.000,PART-1-1,314,3,10.3125,0,NA,NA,,6.43E-01,-6.41E-01,5.68E-02,2.33E-05
C:/temp/dataset/test2/8_1.odb,Step-1,Increment      1: Step Time =    1.000,PART-1-1,315,4,9.375,0,NA,NA,,6.26E-01,-6.22E-01,7.75E-02,2.72E-05
C:/temp/dataset/test2/8_1.odb,Step-1,Increment      1: Step Time =    1.000,PART-1-1,316,5,10.3125,0,NA,NA,,6.48E-01,-6.41E-01,9.78E-02,2.90E-05
C:/temp/dataset/test2/8_1.odb,Step-1,Increment      1: Step Time =    1.000,PART-1-1,317,1,10.3125,0,NA,NA,,6.40E-01,-6.40E-01,1.58E-02,2.25E-05
C:/temp/dataset/test2/8_1.odb,Step-1,Increment      1: Step Time =    1.000,PART-1-1,318,2,9.375,0,NA,NA,,6.22E-01,-6.21E-01,3.65E-02,2.36E-05
C:/temp/dataset/test2/8_1.odb,Step-1,Increment      1: Step Time =    1.000,PART-1-1,319,-1,10.3125,0,NA,NA,,6.40E-01,-6.40E-01,-2.53E-02,2.07E-05
C:/temp/dataset/test2/8_1.odb,Step-1,Increment      1: Step Time =    1.000,PART-1-1,320,0,9.375,0,NA,NA,,6.21E-01,-6.21E-01,-4.54E-03,2.38E-05
C:/temp/dataset/test2/8_1.odb,Step-1,Increment      1: Step Time =    1.000,PART-1-1,321,-3,10.3125,0,NA,NA,,6.43E-01,-6.39E-01,-6.64E-02,1.88E-05
C:/temp/dataset/test2/8_1.odb,Step-1,Increment      1: Step Time =    1.000,PART-1-1,322,-2,9.375,0,NA,NA,,6.22E-01,-6.20E-01,-4.56E-02,2.00E-05
C:/temp/dataset/test2/8_1.odb,Step-1,Increment      1: Step Time =    1.000,PART-1-1,323,-5,10.3125,0,NA,NA,,6.48E-01,-6.39E-01,-1.07E-01,2.49E-05
C:/temp/dataset/test2/8_1.odb,Step-1,Increment      1: Step Time =    1.000,PART-1-1,324,-4,9.375,0,NA,NA,,6.26E-01,-6.20E-01,-8.67E-02,2.29E-05
C:/temp/dataset/test2/8_1.odb,Step-1,Increment      1: Step Time =    1.000,PART-1-1,325,3,8.4375,0,NA,NA,,6.05E-01,-6.02E-01,5.72E-02,2.81E-05
C:/temp/dataset/test2/8_1.odb,Step-1,Increment      1: Step Time =    1.000,PART-1-1,326,4,7.5,0,NA,NA,,5.88E-01,-5.83E-01,7.78E-02,4.30E-05
C:/temp/dataset/test2/8_1.odb,Step-1,Increment      1: Step Time =    1.000,PART-1-1,327,5,8.4375,0,NA,NA,,6.11E-01,-6.03E-01,9.81E-02,6.27E-05
C:/temp/dataset/test2/8_1.odb,Step-1,Increment      1: Step Time =    1.000,PART-1-1,328,1,8.4375,0,NA,NA,,6.02E-01,-6.02E-01,1.62E-02,2.65E-05
C:/temp/dataset/test2/8_1.odb,Step-1,Increment      1: Step Time =    1.000,PART-1-1,329,2,7.5,0,NA,NA,,5.84E-01,-5.83E-01,3.69E-02,2.42E-05
C:/temp/dataset/test2/8_1.odb,Step-1,Increment      1: Step Time =    1.000,PART-1-1,330,-1,8.4375,0,NA,NA,,6.02E-01,-6.01E-01,-2.49E-02,2.14E-05
C:/temp/dataset/test2/8_1.odb,Step-1,Increment      1: Step Time =    1.000,PART-1-1,331,0,7.5,0,NA,NA,,5.82E-01,-5.82E-01,-4.11E-03,2.75E-05
C:/temp/dataset/test2/8_1.odb,Step-1,Increment      1: Step Time =    1.000,PART-1-1,332,-3,8.4375,0,NA,NA,,6.05E-01,-6.01E-01,-6.60E-02,1.90E-05
C:/temp/dataset/test2/8_1.odb,Step-1,Increment      1: Step Time =    1.000,PART-1-1,333,-2,7.5,0,NA,NA,,5.84E-01,-5.82E-01,-4.52E-02,1.65E-05
C:/temp/dataset/test2/8_1.odb,Step-1,Increment      1: Step Time =    1.000,PART-1-1,334,-5,8.4375,0,NA,NA,,6.10E-01,-6.00E-01,-1.07E-01,4.44E-05
C:/temp/dataset/test2/8_1.odb,Step-1,Increment      1: Step Time =    1.000,PART-1-1,335,-4,7.5,0,NA,NA,,5.88E-01,-5.81E-01,-8.64E-02,3.20E-05
C:/temp/dataset/test2/8_1.odb,Step-1,Increment      1: Step Time =    1.000,PART-1-1,336,3,6.5625,0,NA,NA,,5.67E-01,-5.64E-01,5.76E-02,3.52E-05
C:/temp/dataset/test2/8_1.odb,Step-1,Increment      1: Step Time =    1.000,PART-1-1,337,4,5.625,0,NA,NA,,5.51E-01,-5.45E-01,7.81E-02,7.60E-05
C:/temp/dataset/test2/8_1.odb,Step-1,Increment      1: Step Time =    1.000,PART-1-1,338,5,6.5625,0,NA,NA,,5.73E-01,-5.64E-01,9.84E-02,1.03E-04
C:/temp/dataset/test2/8_1.odb,Step-1,Increment      1: Step Time =    1.000,PART-1-1,339,1,6.5625,0,NA,NA,,5.64E-01,-5.63E-01,1.66E-02,6.22E-05
C:/temp/dataset/test2/8_1.odb,Step-1,Increment      1: Step Time =    1.000,PART-1-1,340,2,5.625,0,NA,NA,,5.46E-01,-5.44E-01,3.73E-02,1.10E-04
C:/temp/dataset/test2/8_1.odb,Step-1,Increment      1: Step Time =    1.000,PART-1-1,341,-1,6.5625,0,NA,NA,,5.63E-01,-5.63E-01,-2.45E-02,4.60E-05
C:/temp/dataset/test2/8_1.odb,Step-1,Increment      1: Step Time =    1.000,PART-1-1,342,0,5.625,0,NA,NA,,5.44E-01,-5.44E-01,-3.72E-03,9.51E-05
C:/temp/dataset/test2/8_1.odb,Step-1,Increment      1: Step Time =    1.000,PART-1-1,343,-3,6.5625,0,NA,NA,,5.66E-01,-5.62E-01,-6.56E-02,1.56E-05
C:/temp/dataset/test2/8_1.odb,Step-1,Increment      1: Step Time =    1.000,PART-1-1,344,-2,5.625,0,NA,NA,,5.45E-01,-5.43E-01,-4.48E-02,6.06E-05
C:/temp/dataset/test2/8_1.odb,Step-1,Increment      1: Step Time =    1.000,PART-1-1,345,-5,6.5625,0,NA,NA,,5.72E-01,-5.62E-01,-1.07E-01,5.89E-05
C:/temp/dataset/test2/8_1.odb,Step-1,Increment      1: Step Time =    1.000,PART-1-1,346,-4,5.625,0,NA,NA,,5.50E-01,-5.43E-01,-8.60E-02,3.47E-05
C:/temp/dataset/test2/8_1.odb,Step-1,Increment      1: Step Time =    1.000,PART-1-1,347,3,4.6875,0,NA,NA,,5.29E-01,-5.26E-01,5.80E-02,2.96E-04
C:/temp/dataset/test2/8_1.odb,Step-1,Increment      1: Step Time =    1.000,PART-1-1,348,4,3.75,0,NA,NA,,5.13E-01,-5.07E-01,7.85E-02,5.80E-04
C:/temp/dataset/test2/8_1.odb,Step-1,Increment      1: Step Time =    1.000,PART-1-1,349,5,4.6875,0,NA,NA,,5.35E-01,-5.26E-01,9.84E-02,1.34E-04
C:/temp/dataset/test2/8_1.odb,Step-1,Increment      1: Step Time =    1.000,PART-1-1,350,1,4.6875,0,NA,NA,,5.25E-01,-5.25E-01,1.69E-02,2.35E-04
C:/temp/dataset/test2/8_1.odb,Step-1,Increment      1: Step Time =    1.000,PART-1-1,351,2,3.75,0,NA,NA,,5.08E-01,-5.06E-01,3.75E-02,4.31E-04
C:/temp/dataset/test2/8_1.odb,Step-1,Increment      1: Step Time =    1.000,PART-1-1,352,-1,4.6875,0,NA,NA,,5.25E-01,-5.24E-01,-2.41E-02,1.68E-04
C:/temp/dataset/test2/8_1.odb,Step-1,Increment      1: Step Time =    1.000,PART-1-1,353,0,3.75,0,NA,NA,,5.05E-01,-5.05E-01,-3.49E-03,3.02E-04
C:/temp/dataset/test2/8_1.odb,Step-1,Increment      1: Step Time =    1.000,PART-1-1,354,-3,4.6875,0,NA,NA,,5.28E-01,-5.24E-01,-6.52E-02,9.58E-05
C:/temp/dataset/test2/8_1.odb,Step-1,Increment      1: Step Time =    1.000,PART-1-1,355,-2,3.75,0,NA,NA,,5.06E-01,-5.04E-01,-4.45E-02,2.01E-04
C:/temp/dataset/test2/8_1.odb,Step-1,Increment      1: Step Time =    1.000,PART-1-1,356,-5,4.6875,0,NA,NA,,5.34E-01,-5.23E-01,-1.07E-01,3.97E-05
C:/temp/dataset/test2/8_1.odb,Step-1,Increment      1: Step Time =    1.000,PART-1-1,357,-4,3.75,0,NA,NA,,5.11E-01,-5.04E-01,-8.56E-02,7.69E-05
C:/temp/dataset/test2/8_1.odb,Step-1,Increment      1: Step Time =    1.000,PART-1-1,358,3,2.8125,0,NA,NA,,4.91E-01,-4.88E-01,5.79E-02,7.98E-04
C:/temp/dataset/test2/8_1.odb,Step-1,Increment      1: Step Time =    1.000,PART-1-1,359,4,1.875,0,NA,NA,,4.76E-01,-4.69E-01,7.82E-02,1.01E-03
C:/temp/dataset/test2/8_1.odb,Step-1,Increment      1: Step Time =    1.000,PART-1-1,360,5,2.8125,0,NA,NA,,4.99E-01,-4.90E-01,9.87E-02,8.26E-04
C:/temp/dataset/test2/8_1.odb,Step-1,Increment      1: Step Time =    1.000,PART-1-1,361,1,2.8125,0,NA,NA,,4.86E-01,-4.86E-01,1.69E-02,5.38E-04
C:/temp/dataset/test2/8_1.odb,Step-1,Increment      1: Step Time =    1.000,PART-1-1,362,2,1.875,0,NA,NA,,4.69E-01,-4.67E-01,3.72E-02,8.56E-04
C:/temp/dataset/test2/8_1.odb,Step-1,Increment      1: Step Time =    1.000,PART-1-1,363,-1,2.8125,0,NA,NA,,4.86E-01,-4.85E-01,-2.38E-02,3.87E-04
C:/temp/dataset/test2/8_1.odb,Step-1,Increment      1: Step Time =    1.000,PART-1-1,364,0,1.875,0,NA,NA,,4.66E-01,-4.66E-01,-3.42E-03,6.04E-04
C:/temp/dataset/test2/8_1.odb,Step-1,Increment      1: Step Time =    1.000,PART-1-1,365,-3,2.8125,0,NA,NA,,4.89E-01,-4.85E-01,-6.48E-02,2.51E-04
C:/temp/dataset/test2/8_1.odb,Step-1,Increment      1: Step Time =    1.000,PART-1-1,366,-2,1.875,0,NA,NA,,4.67E-01,-4.65E-01,-4.41E-02,4.18E-04
C:/temp/dataset/test2/8_1.odb,Step-1,Increment      1: Step Time =    1.000,PART-1-1,367,-5,2.8125,0,NA,NA,,4.96E-01,-4.84E-01,-1.06E-01,5.91E-05
C:/temp/dataset/test2/8_1.odb,Step-1,Increment      1: Step Time =    1.000,PART-1-1,368,-4,1.875,0,NA,NA,,4.72E-01,-4.65E-01,-8.51E-02,2.12E-04
C:/temp/dataset/test2/8_1.odb,Step-1,Increment      1: Step Time =    1.000,PART-1-1,369,3,9.375E-01,0,NA,NA,,4.52E-01,-4.48E-01,5.73E-02,1.11E-03
C:/temp/dataset/test2/8_1.odb,Step-1,Increment      1: Step Time =    1.000,PART-1-1,370,4,0,0,NA,NA,,4.36E-01,-4.29E-01,7.76E-02,9.60E-04
C:/temp/dataset/test2/8_1.odb,Step-1,Increment      1: Step Time =    1.000,PART-1-1,371,5,9.375E-01,0,NA,NA,,4.61E-01,-4.50E-01,9.92E-02,8.69E-04
C:/temp/dataset/test2/8_1.odb,Step-1,Increment      1: Step Time =    1.000,PART-1-1,372,1,9.375E-01,0,NA,NA,,4.47E-01,-4.47E-01,1.68E-02,8.39E-04
C:/temp/dataset/test2/8_1.odb,Step-1,Increment      1: Step Time =    1.000,PART-1-1,373,2,0,0,NA,NA,,4.29E-01,-4.27E-01,3.68E-02,1.01E-03
C:/temp/dataset/test2/8_1.odb,Step-1,Increment      1: Step Time =    1.000,PART-1-1,374,-1,9.375E-01,0,NA,NA,,4.46E-01,-4.46E-01,-2.36E-02,6.44E-04
C:/temp/dataset/test2/8_1.odb,Step-1,Increment      1: Step Time =    1.000,PART-1-1,375,0,0,0,NA,NA,,4.26E-01,-4.26E-01,-3.35E-03,8.56E-04
C:/temp/dataset/test2/8_1.odb,Step-1,Increment      1: Step Time =    1.000,PART-1-1,376,-3,9.375E-01,0,NA,NA,,4.50E-01,-4.45E-01,-6.42E-02,4.59E-04
C:/temp/dataset/test2/8_1.odb,Step-1,Increment      1: Step Time =    1.000,PART-1-1,377,-2,0,0,NA,NA,,4.28E-01,-4.26E-01,-4.35E-02,6.49E-04
C:/temp/dataset/test2/8_1.odb,Step-1,Increment      1: Step Time =    1.000,PART-1-1,378,-5,9.375E-01,0,NA,NA,,4.57E-01,-4.45E-01,-1.06E-01,2.69E-04
C:/temp/dataset/test2/8_1.odb,Step-1,Increment      1: Step Time =    1.000,PART-1-1,379,-4,0,0,NA,NA,,4.34E-01,-4.25E-01,-8.43E-02,4.34E-04
C:/temp/dataset/test2/8_1.odb,Step-1,Increment      1: Step Time =    1.000,PART-1-1,380,3,-9.375E-01,0,NA,NA,,4.12E-01,-4.08E-01,5.69E-02,9.81E-04
C:/temp/dataset/test2/8_1.odb,Step-1,Increment      1: Step Time =    1.000,PART-1-1,381,4,-1.875,0,NA,NA,,3.96E-01,-3.88E-01,7.73E-02,7.65E-04
C:/temp/dataset/test2/8_1.odb,Step-1,Increment      1: Step Time =    1.000,PART-1-1,382,5,-9.375E-01,0,NA,NA,,4.20E-01,-4.09E-01,9.89E-02,7.47E-04
C:/temp/dataset/test2/8_1.odb,Step-1,Increment      1: Step Time =    1.000,PART-1-1,383,1,-9.375E-01,0,NA,NA,,4.07E-01,-4.07E-01,1.67E-02,9.93E-04
C:/temp/dataset/test2/8_1.odb,Step-1,Increment      1: Step Time =    1.000,PART-1-1,384,2,-1.875,0,NA,NA,,3.89E-01,-3.87E-01,3.66E-02,9.51E-04
C:/temp/dataset/test2/8_1.odb,Step-1,Increment      1: Step Time =    1.000,PART-1-1,385,-1,-9.375E-01,0,NA,NA,,4.07E-01,-4.06E-01,-2.31E-02,8.52E-04
C:/temp/dataset/test2/8_1.odb,Step-1,Increment      1: Step Time =    1.000,PART-1-1,386,0,-1.875,0,NA,NA,,3.86E-01,-3.86E-01,-3.09E-03,9.60E-04
C:/temp/dataset/test2/8_1.odb,Step-1,Increment      1: Step Time =    1.000,PART-1-1,387,-3,-9.375E-01,0,NA,NA,,4.11E-01,-4.06E-01,-6.33E-02,6.83E-04
C:/temp/dataset/test2/8_1.odb,Step-1,Increment      1: Step Time =    1.000,PART-1-1,388,-2,-1.875,0,NA,NA,,3.88E-01,-3.86E-01,-4.27E-02,8.33E-04
C:/temp/dataset/test2/8_1.odb,Step-1,Increment      1: Step Time =    1.000,PART-1-1,389,-5,-9.375E-01,0,NA,NA,,4.19E-01,-4.06E-01,-1.04E-01,5.93E-04
C:/temp/dataset/test2/8_1.odb,Step-1,Increment      1: Step Time =    1.000,PART-1-1,390,-4,-1.875,0,NA,NA,,3.95E-01,-3.86E-01,-8.30E-02,7.20E-04
C:/temp/dataset/test2/8_1.odb,Step-1,Increment      1: Step Time =    1.000,PART-1-1,391,3,-2.8125,0,NA,NA,,3.72E-01,-3.68E-01,5.64E-02,8.96E-04
C:/temp/dataset/test2/8_1.odb,Step-1,Increment      1: Step Time =    1.000,PART-1-1,392,4,-3.75,0,NA,NA,,3.57E-01,-3.48E-01,7.62E-02,1.09E-03
C:/temp/dataset/test2/8_1.odb,Step-1,Increment      1: Step Time =    1.000,PART-1-1,393,5,-2.8125,0,NA,NA,,3.81E-01,-3.69E-01,9.76E-02,1.16E-03
C:/temp/dataset/test2/8_1.odb,Step-1,Increment      1: Step Time =    1.000,PART-1-1,394,1,-2.8125,0,NA,NA,,3.67E-01,-3.67E-01,1.67E-02,1.01E-03
C:/temp/dataset/test2/8_1.odb,Step-1,Increment      1: Step Time =    1.000,PART-1-1,395,2,-3.75,0,NA,NA,,3.49E-01,-3.47E-01,3.63E-02,9.34E-04
C:/temp/dataset/test2/8_1.odb,Step-1,Increment      1: Step Time =    1.000,PART-1-1,396,-1,-2.8125,0,NA,NA,,3.67E-01,-3.66E-01,-2.25E-02,9.69E-04
C:/temp/dataset/test2/8_1.odb,Step-1,Increment      1: Step Time =    1.000,PART-1-1,397,0,-3.75,0,NA,NA,,3.47E-01,-3.47E-01,-2.69E-03,9.71E-04
C:/temp/dataset/test2/8_1.odb,Step-1,Increment      1: Step Time =    1.000,PART-1-1,398,-3,-2.8125,0,NA,NA,,3.71E-01,-3.66E-01,-6.20E-02,8.98E-04
C:/temp/dataset/test2/8_1.odb,Step-1,Increment      1: Step Time =    1.000,PART-1-1,399,-2,-3.75,0,NA,NA,,3.49E-01,-3.47E-01,-4.16E-02,9.63E-04
C:/temp/dataset/test2/8_1.odb,Step-1,Increment      1: Step Time =    1.000,PART-1-1,400,-5,-2.8125,0,NA,NA,,3.81E-01,-3.67E-01,-1.03E-01,9.95E-04
C:/temp/dataset/test2/8_1.odb,Step-1,Increment      1: Step Time =    1.000,PART-1-1,401,-4,-3.75,0,NA,NA,,3.56E-01,-3.47E-01,-8.12E-02,1.04E-03
C:/temp/dataset/test2/8_1.odb,Step-1,Increment      1: Step Time =    1.000,PART-1-1,402,3,-4.6875,0,NA,NA,,3.33E-01,-3.28E-01,5.56E-02,1.08E-03
C:/temp/dataset/test2/8_1.odb,Step-1,Increment      1: Step Time =    1.000,PART-1-1,403,4,-5.625,0,NA,NA,,3.19E-01,-3.10E-01,7.46E-02,1.41E-03
C:/temp/dataset/test2/8_1.odb,Step-1,Increment      1: Step Time =    1.000,PART-1-1,404,5,-4.6875,0,NA,NA,,3.43E-01,-3.30E-01,9.57E-02,1.54E-03
C:/temp/dataset/test2/8_1.odb,Step-1,Increment      1: Step Time =    1.000,PART-1-1,405,1,-4.6875,0,NA,NA,,3.28E-01,-3.27E-01,1.67E-02,9.99E-04
C:/temp/dataset/test2/8_1.odb,Step-1,Increment      1: Step Time =    1.000,PART-1-1,406,2,-5.625,0,NA,NA,,3.11E-01,-3.09E-01,3.57E-02,1.03E-03
C:/temp/dataset/test2/8_1.odb,Step-1,Increment      1: Step Time =    1.000,PART-1-1,407,-1,-4.6875,0,NA,NA,,3.28E-01,-3.27E-01,-2.16E-02,1.02E-03
C:/temp/dataset/test2/8_1.odb,Step-1,Increment      1: Step Time =    1.000,PART-1-1,408,0,-5.625,0,NA,NA,,3.08E-01,-3.08E-01,-2.25E-03,9.66E-04
C:/temp/dataset/test2/8_1.odb,Step-1,Increment      1: Step Time =    1.000,PART-1-1,409,-3,-4.6875,0,NA,NA,,3.33E-01,-3.27E-01,-6.04E-02,1.11E-03
C:/temp/dataset/test2/8_1.odb,Step-1,Increment      1: Step Time =    1.000,PART-1-1,410,-2,-5.625,0,NA,NA,,3.11E-01,-3.08E-01,-4.02E-02,1.07E-03
C:/temp/dataset/test2/8_1.odb,Step-1,Increment      1: Step Time =    1.000,PART-1-1,411,-5,-4.6875,0,NA,NA,,3.43E-01,-3.28E-01,-1.00E-01,1.43E-03
C:/temp/dataset/test2/8_1.odb,Step-1,Increment      1: Step Time =    1.000,PART-1-1,412,-4,-5.625,0,NA,NA,,3.18E-01,-3.08E-01,-7.89E-02,1.38E-03
C:/temp/dataset/test2/8_1.odb,Step-1,Increment      1: Step Time =    1.000,PART-1-1,413,3,-6.5625,0,NA,NA,,2.95E-01,-2.90E-01,5.43E-02,1.30E-03
C:/temp/dataset/test2/8_1.odb,Step-1,Increment      1: Step Time =    1.000,PART-1-1,414,4,-7.5,0,NA,NA,,2.82E-01,-2.72E-01,7.23E-02,1.73E-03
C:/temp/dataset/test2/8_1.odb,Step-1,Increment      1: Step Time =    1.000,PART-1-1,415,5,-6.5625,0,NA,NA,,3.06E-01,-2.92E-01,9.32E-02,1.93E-03
C:/temp/dataset/test2/8_1.odb,Step-1,Increment      1: Step Time =    1.000,PART-1-1,416,1,-6.5625,0,NA,NA,,2.90E-01,-2.89E-01,1.66E-02,1.02E-03
C:/temp/dataset/test2/8_1.odb,Step-1,Increment      1: Step Time =    1.000,PART-1-1,417,2,-7.5,0,NA,NA,,2.73E-01,-2.71E-01,3.48E-02,1.15E-03
C:/temp/dataset/test2/8_1.odb,Step-1,Increment      1: Step Time =    1.000,PART-1-1,418,-1,-6.5625,0,NA,NA,,2.90E-01,-2.89E-01,-2.07E-02,1.05E-03
C:/temp/dataset/test2/8_1.odb,Step-1,Increment      1: Step Time =    1.000,PART-1-1,419,0,-7.5,0,NA,NA,,2.70E-01,-2.70E-01,-1.84E-03,9.63E-04
C:/temp/dataset/test2/8_1.odb,Step-1,Increment      1: Step Time =    1.000,PART-1-1,420,-3,-6.5625,0,NA,NA,,2.95E-01,-2.89E-01,-5.83E-02,1.32E-03
C:/temp/dataset/test2/8_1.odb,Step-1,Increment      1: Step Time =    1.000,PART-1-1,421,-2,-7.5,0,NA,NA,,2.73E-01,-2.70E-01,-3.85E-02,1.18E-03
C:/temp/dataset/test2/8_1.odb,Step-1,Increment      1: Step Time =    1.000,PART-1-1,422,-5,-6.5625,0,NA,NA,,3.06E-01,-2.90E-01,-9.71E-02,1.87E-03
C:/temp/dataset/test2/8_1.odb,Step-1,Increment      1: Step Time =    1.000,PART-1-1,423,-4,-7.5,0,NA,NA,,2.82E-01,-2.71E-01,-7.60E-02,1.71E-03
C:/temp/dataset/test2/8_1.odb,Step-1,Increment      1: Step Time =    1.000,PART-1-1,424,3,-8.4375,0,NA,NA,,2.59E-01,-2.53E-01,5.25E-02,1.53E-03
C:/temp/dataset/test2/8_1.odb,Step-1,Increment      1: Step Time =    1.000,PART-1-1,425,4,-9.375,0,NA,NA,,2.46E-01,-2.36E-01,6.95E-02,2.06E-03
C:/temp/dataset/test2/8_1.odb,Step-1,Increment      1: Step Time =    1.000,PART-1-1,426,5,-8.4375,0,NA,NA,,2.71E-01,-2.55E-01,8.99E-02,2.33E-03
C:/temp/dataset/test2/8_1.odb,Step-1,Increment      1: Step Time =    1.000,PART-1-1,427,1,-8.4375,0,NA,NA,,2.53E-01,-2.52E-01,1.63E-02,1.06E-03
C:/temp/dataset/test2/8_1.odb,Step-1,Increment      1: Step Time =    1.000,PART-1-1,428,2,-9.375,0,NA,NA,,2.37E-01,-2.35E-01,3.36E-02,1.29E-03
C:/temp/dataset/test2/8_1.odb,Step-1,Increment      1: Step Time =    1.000,PART-1-1,429,-1,-8.4375,0,NA,NA,,2.53E-01,-2.52E-01,-1.96E-02,1.08E-03
C:/temp/dataset/test2/8_1.odb,Step-1,Increment      1: Step Time =    1.000,PART-1-1,430,0,-9.375,0,NA,NA,,2.34E-01,-2.34E-01,-1.47E-03,9.62E-04
C:/temp/dataset/test2/8_1.odb,Step-1,Increment      1: Step Time =    1.000,PART-1-1,431,-3,-8.4375,0,NA,NA,,2.58E-01,-2.52E-01,-5.58E-02,1.54E-03
C:/temp/dataset/test2/8_1.odb,Step-1,Increment      1: Step Time =    1.000,PART-1-1,432,-2,-9.375,0,NA,NA,,2.37E-01,-2.34E-01,-3.66E-02,1.30E-03
C:/temp/dataset/test2/8_1.odb,Step-1,Increment      1: Step Time =    1.000,PART-1-1,433,-5,-8.4375,0,NA,NA,,2.70E-01,-2.54E-01,-9.33E-02,2.31E-03
C:/temp/dataset/test2/8_1.odb,Step-1,Increment      1: Step Time =    1.000,PART-1-1,434,-4,-9.375,0,NA,NA,,2.46E-01,-2.35E-01,-7.25E-02,2.05E-03
C:/temp/dataset/test2/8_1.odb,Step-1,Increment      1: Step Time =    1.000,PART-1-1,435,3,-10.3125,0,NA,NA,,2.23E-01,-2.18E-01,5.03E-02,1.77E-03
C:/temp/dataset/test2/8_1.odb,Step-1,Increment      1: Step Time =    1.000,PART-1-1,436,4,-11.25,0,NA,NA,,2.12E-01,-2.02E-01,6.62E-02,2.39E-03
C:/temp/dataset/test2/8_1.odb,Step-1,Increment      1: Step Time =    1.000,PART-1-1,437,5,-10.3125,0,NA,NA,,2.36E-01,-2.20E-01,8.60E-02,2.75E-03
C:/temp/dataset/test2/8_1.odb,Step-1,Increment      1: Step Time =    1.000,PART-1-1,438,1,-10.3125,0,NA,NA,,2.17E-01,-2.16E-01,1.58E-02,1.10E-03
C:/temp/dataset/test2/8_1.odb,Step-1,Increment      1: Step Time =    1.000,PART-1-1,439,2,-11.25,0,NA,NA,,2.02E-01,-2.00E-01,3.21E-02,1.43E-03
C:/temp/dataset/test2/8_1.odb,Step-1,Increment      1: Step Time =    1.000,PART-1-1,440,-1,-10.3125,0,NA,NA,,2.17E-01,-2.16E-01,-1.84E-02,1.11E-03
C:/temp/dataset/test2/8_1.odb,Step-1,Increment      1: Step Time =    1.000,PART-1-1,441,0,-11.25,0,NA,NA,,1.99E-01,-1.99E-01,-1.15E-03,9.61E-04
C:/temp/dataset/test2/8_1.odb,Step-1,Increment      1: Step Time =    1.000,PART-1-1,442,-3,-10.3125,0,NA,NA,,2.23E-01,-2.17E-01,-5.29E-02,1.77E-03
C:/temp/dataset/test2/8_1.odb,Step-1,Increment      1: Step Time =    1.000,PART-1-1,443,-2,-11.25,0,NA,NA,,2.02E-01,-1.99E-01,-3.44E-02,1.43E-03
C:/temp/dataset/test2/8_1.odb,Step-1,Increment      1: Step Time =    1.000,PART-1-1,444,-5,-10.3125,0,NA,NA,,2.36E-01,-2.19E-01,-8.87E-02,2.74E-03
C:/temp/dataset/test2/8_1.odb,Step-1,Increment      1: Step Time =    1.000,PART-1-1,445,-4,-11.25,0,NA,NA,,2.12E-01,-2.01E-01,-6.85E-02,2.38E-03
C:/temp/dataset/test2/8_1.odb,Step-1,Increment      1: Step Time =    1.000,PART-1-1,446,3,-12.1875,0,NA,NA,,1.90E-01,-1.84E-01,4.76E-02,2.01E-03
C:/temp/dataset/test2/8_1.odb,Step-1,Increment      1: Step Time =    1.000,PART-1-1,447,4,-13.125,0,NA,NA,,1.80E-01,-1.69E-01,6.22E-02,2.72E-03
C:/temp/dataset/test2/8_1.odb,Step-1,Increment      1: Step Time =    1.000,PART-1-1,448,5,-12.1875,0,NA,NA,,2.04E-01,-1.87E-01,8.13E-02,3.17E-03
C:/temp/dataset/test2/8_1.odb,Step-1,Increment      1: Step Time =    1.000,PART-1-1,449,1,-12.1875,0,NA,NA,,1.83E-01,-1.83E-01,1.51E-02,1.15E-03
C:/temp/dataset/test2/8_1.odb,Step-1,Increment      1: Step Time =    1.000,PART-1-1,450,2,-13.125,0,NA,NA,,1.70E-01,-1.67E-01,3.03E-02,1.57E-03
C:/temp/dataset/test2/8_1.odb,Step-1,Increment      1: Step Time =    1.000,PART-1-1,451,-1,-12.1875,0,NA,NA,,1.83E-01,-1.82E-01,-1.71E-02,1.15E-03
C:/temp/dataset/test2/8_1.odb,Step-1,Increment      1: Step Time =    1.000,PART-1-1,452,0,-13.125,0,NA,NA,,1.66E-01,-1.66E-01,-8.60E-04,9.61E-04
C:/temp/dataset/test2/8_1.odb,Step-1,Increment      1: Step Time =    1.000,PART-1-1,453,-3,-12.1875,0,NA,NA,,1.90E-01,-1.83E-01,-4.96E-02,2.00E-03
C:/temp/dataset/test2/8_1.odb,Step-1,Increment      1: Step Time =    1.000,PART-1-1,454,-2,-13.125,0,NA,NA,,1.70E-01,-1.66E-01,-3.20E-02,1.57E-03
C:/temp/dataset/test2/8_1.odb,Step-1,Increment      1: Step Time =    1.000,PART-1-1,455,-5,-12.1875,0,NA,NA,,2.03E-01,-1.85E-01,-8.34E-02,3.16E-03
C:/temp/dataset/test2/8_1.odb,Step-1,Increment      1: Step Time =    1.000,PART-1-1,456,-4,-13.125,0,NA,NA,,1.80E-01,-1.68E-01,-6.40E-02,2.72E-03
C:/temp/dataset/test2/8_1.odb,Step-1,Increment      1: Step Time =    1.000,PART-1-1,457,3,-14.0625,0,NA,NA,,1.59E-01,-1.52E-01,4.44E-02,2.25E-03
C:/temp/dataset/test2/8_1.odb,Step-1,Increment      1: Step Time =    1.000,PART-1-1,458,4,-15,0,NA,NA,,1.50E-01,-1.38E-01,5.76E-02,3.06E-03
C:/temp/dataset/test2/8_1.odb,Step-1,Increment      1: Step Time =    1.000,PART-1-1,459,5,-14.0625,0,NA,NA,,1.73E-01,-1.55E-01,7.59E-02,3.59E-03
C:/temp/dataset/test2/8_1.odb,Step-1,Increment      1: Step Time =    1.000,PART-1-1,460,1,-14.0625,0,NA,NA,,1.51E-01,-1.51E-01,1.42E-02,1.20E-03
C:/temp/dataset/test2/8_1.odb,Step-1,Increment      1: Step Time =    1.000,PART-1-1,461,2,-15,0,NA,NA,,1.39E-01,-1.36E-01,2.81E-02,1.72E-03
C:/temp/dataset/test2/8_1.odb,Step-1,Increment      1: Step Time =    1.000,PART-1-1,462,-1,-14.0625,0,NA,NA,,1.51E-01,-1.50E-01,-1.57E-02,1.20E-03
C:/temp/dataset/test2/8_1.odb,Step-1,Increment      1: Step Time =    1.000,PART-1-1,463,0,-15,0,NA,NA,,1.35E-01,-1.35E-01,-6.15E-04,9.61E-04
C:/temp/dataset/test2/8_1.odb,Step-1,Increment      1: Step Time =    1.000,PART-1-1,464,-3,-14.0625,0,NA,NA,,1.58E-01,-1.52E-01,-4.60E-02,2.24E-03
C:/temp/dataset/test2/8_1.odb,Step-1,Increment      1: Step Time =    1.000,PART-1-1,465,-2,-15,0,NA,NA,,1.39E-01,-1.36E-01,-2.93E-02,1.72E-03
C:/temp/dataset/test2/8_1.odb,Step-1,Increment      1: Step Time =    1.000,PART-1-1,466,-5,-14.0625,0,NA,NA,,1.72E-01,-1.54E-01,-7.75E-02,3.58E-03
C:/temp/dataset/test2/8_1.odb,Step-1,Increment      1: Step Time =    1.000,PART-1-1,467,-4,-15,0,NA,NA,,1.50E-01,-1.38E-01,-5.89E-02,3.05E-03
C:/temp/dataset/test2/8_1.odb,Step-1,Increment      1: Step Time =    1.000,PART-1-1,468,3,-15.9375,0,NA,NA,,1.29E-01,-1.23E-01,4.08E-02,2.50E-03
C:/temp/dataset/test2/8_1.odb,Step-1,Increment      1: Step Time =    1.000,PART-1-1,469,4,-16.875,0,NA,NA,,1.22E-01,-1.10E-01,5.24E-02,3.40E-03
C:/temp/dataset/test2/8_1.odb,Step-1,Increment      1: Step Time =    1.000,PART-1-1,470,5,-15.9375,0,NA,NA,,1.44E-01,-1.26E-01,6.97E-02,4.01E-03
C:/temp/dataset/test2/8_1.odb,Step-1,Increment      1: Step Time =    1.000,PART-1-1,471,1,-15.9375,0,NA,NA,,1.22E-01,-1.21E-01,1.31E-02,1.25E-03
C:/temp/dataset/test2/8_1.odb,Step-1,Increment      1: Step Time =    1.000,PART-1-1,472,2,-16.875,0,NA,NA,,1.11E-01,-1.08E-01,2.56E-02,1.87E-03
C:/temp/dataset/test2/8_1.odb,Step-1,Increment      1: Step Time =    1.000,PART-1-1,473,-1,-15.9375,0,NA,NA,,1.22E-01,-1.21E-01,-1.42E-02,1.25E-03
C:/temp/dataset/test2/8_1.odb,Step-1,Increment      1: Step Time =    1.000,PART-1-1,474,0,-16.875,0,NA,NA,,1.07E-01,-1.07E-01,-4.10E-04,9.61E-04
C:/temp/dataset/test2/8_1.odb,Step-1,Increment      1: Step Time =    1.000,PART-1-1,475,-3,-15.9375,0,NA,NA,,1.29E-01,-1.22E-01,-4.19E-02,2.49E-03
C:/temp/dataset/test2/8_1.odb,Step-1,Increment      1: Step Time =    1.000,PART-1-1,476,-2,-16.875,0,NA,NA,,1.11E-01,-1.07E-01,-2.64E-02,1.86E-03
C:/temp/dataset/test2/8_1.odb,Step-1,Increment      1: Step Time =    1.000,PART-1-1,477,-5,-15.9375,0,NA,NA,,1.44E-01,-1.25E-01,-7.09E-02,4.00E-03
C:/temp/dataset/test2/8_1.odb,Step-1,Increment      1: Step Time =    1.000,PART-1-1,478,-4,-16.875,0,NA,NA,,1.22E-01,-1.10E-01,-5.33E-02,3.39E-03
C:/temp/dataset/test2/8_1.odb,Step-1,Increment      1: Step Time =    1.000,PART-1-1,479,3,-17.8125,0,NA,NA,,1.03E-01,-9.58E-02,3.67E-02,2.74E-03
C:/temp/dataset/test2/8_1.odb,Step-1,Increment      1: Step Time =    1.000,PART-1-1,480,4,-18.75,0,NA,NA,,9.68E-02,-8.48E-02,4.66E-02,3.73E-03
C:/temp/dataset/test2/8_1.odb,Step-1,Increment      1: Step Time =    1.000,PART-1-1,481,5,-17.8125,0,NA,NA,,1.17E-01,-9.91E-02,6.28E-02,4.43E-03
C:/temp/dataset/test2/8_1.odb,Step-1,Increment      1: Step Time =    1.000,PART-1-1,482,1,-17.8125,0,NA,NA,,9.47E-02,-9.40E-02,1.19E-02,1.31E-03
C:/temp/dataset/test2/8_1.odb,Step-1,Increment      1: Step Time =    1.000,PART-1-1,483,2,-18.75,0,NA,NA,,8.53E-02,-8.22E-02,2.28E-02,2.03E-03
C:/temp/dataset/test2/8_1.odb,Step-1,Increment      1: Step Time =    1.000,PART-1-1,484,-1,-17.8125,0,NA,NA,,9.47E-02,-9.38E-02,-1.26E-02,1.30E-03
C:/temp/dataset/test2/8_1.odb,Step-1,Increment      1: Step Time =    1.000,PART-1-1,485,0,-18.75,0,NA,NA,,8.12E-02,-8.12E-02,-2.47E-04,9.62E-04
C:/temp/dataset/test2/8_1.odb,Step-1,Increment      1: Step Time =    1.000,PART-1-1,486,-3,-17.8125,0,NA,NA,,1.02E-01,-9.52E-02,-3.74E-02,2.73E-03
C:/temp/dataset/test2/8_1.odb,Step-1,Increment      1: Step Time =    1.000,PART-1-1,487,-2,-18.75,0,NA,NA,,8.51E-02,-8.19E-02,-2.33E-02,2.02E-03
C:/temp/dataset/test2/8_1.odb,Step-1,Increment      1: Step Time =    1.000,PART-1-1,488,-5,-17.8125,0,NA,NA,,1.17E-01,-9.83E-02,-6.36E-02,4.43E-03
C:/temp/dataset/test2/8_1.odb,Step-1,Increment      1: Step Time =    1.000,PART-1-1,489,-4,-18.75,0,NA,NA,,9.65E-02,-8.42E-02,-4.72E-02,3.72E-03
C:/temp/dataset/test2/8_1.odb,Step-1,Increment      1: Step Time =    1.000,PART-1-1,490,3,-19.6875,0,NA,NA,,7.85E-02,-7.16E-02,3.22E-02,2.99E-03
C:/temp/dataset/test2/8_1.odb,Step-1,Increment      1: Step Time =    1.000,PART-1-1,491,4,-20.625,0,NA,NA,,7.41E-02,-6.23E-02,4.02E-02,4.07E-03
C:/temp/dataset/test2/8_1.odb,Step-1,Increment      1: Step Time =    1.000,PART-1-1,492,5,-19.6875,0,NA,NA,,9.32E-02,-7.52E-02,5.51E-02,4.85E-03
C:/temp/dataset/test2/8_1.odb,Step-1,Increment      1: Step Time =    1.000,PART-1-1,493,1,-19.6875,0,NA,NA,,7.05E-02,-6.97E-02,1.05E-02,1.37E-03
C:/temp/dataset/test2/8_1.odb,Step-1,Increment      1: Step Time =    1.000,PART-1-1,494,2,-20.625,0,NA,NA,,6.26E-02,-5.94E-02,1.96E-02,2.19E-03
C:/temp/dataset/test2/8_1.odb,Step-1,Increment      1: Step Time =    1.000,PART-1-1,495,-1,-19.6875,0,NA,NA,,7.04E-02,-6.96E-02,-1.08E-02,1.36E-03
C:/temp/dataset/test2/8_1.odb,Step-1,Increment      1: Step Time =    1.000,PART-1-1,496,0,-20.625,0,NA,NA,,5.84E-02,-5.84E-02,-1.24E-04,9.64E-04
C:/temp/dataset/test2/8_1.odb,Step-1,Increment      1: Step Time =    1.000,PART-1-1,497,-3,-19.6875,0,NA,NA,,7.83E-02,-7.12E-02,-3.26E-02,2.98E-03
C:/temp/dataset/test2/8_1.odb,Step-1,Increment      1: Step Time =    1.000,PART-1-1,498,-2,-20.625,0,NA,NA,,6.24E-02,-5.92E-02,-1.99E-02,2.17E-03
C:/temp/dataset/test2/8_1.odb,Step-1,Increment      1: Step Time =    1.000,PART-1-1,499,-5,-19.6875,0,NA,NA,,9.30E-02,-7.45E-02,-5.56E-02,4.85E-03
C:/temp/dataset/test2/8_1.odb,Step-1,Increment      1: Step Time =    1.000,PART-1-1,500,-4,-20.625,0,NA,NA,,7.39E-02,-6.18E-02,-4.05E-02,4.06E-03
C:/temp/dataset/test2/8_1.odb,Step-1,Increment      1: Step Time =    1.000,PART-1-1,501,3,-21.5625,0,NA,NA,,5.73E-02,-5.05E-02,2.72E-02,3.24E-03
C:/temp/dataset/test2/8_1.odb,Step-1,Increment      1: Step Time =    1.000,PART-1-1,502,4,-22.5,0,NA,NA,,5.42E-02,-4.29E-02,3.32E-02,4.40E-03
C:/temp/dataset/test2/8_1.odb,Step-1,Increment      1: Step Time =    1.000,PART-1-1,503,5,-21.5625,0,NA,NA,,7.16E-02,-5.43E-02,4.67E-02,5.27E-03
C:/temp/dataset/test2/8_1.odb,Step-1,Increment      1: Step Time =    1.000,PART-1-1,504,1,-21.5625,0,NA,NA,,4.93E-02,-4.85E-02,8.88E-03,1.44E-03
C:/temp/dataset/test2/8_1.odb,Step-1,Increment      1: Step Time =    1.000,PART-1-1,505,2,-22.5,0,NA,NA,,4.30E-02,-3.99E-02,1.62E-02,2.36E-03
C:/temp/dataset/test2/8_1.odb,Step-1,Increment      1: Step Time =    1.000,PART-1-1,506,-1,-21.5625,0,NA,NA,,4.92E-02,-4.83E-02,-9.04E-03,1.43E-03
C:/temp/dataset/test2/8_1.odb,Step-1,Increment      1: Step Time =    1.000,PART-1-1,507,0,-22.5,0,NA,NA,,3.88E-02,-3.88E-02,-4.07E-05,9.74E-04
C:/temp/dataset/test2/8_1.odb,Step-1,Increment      1: Step Time =    1.000,PART-1-1,508,-3,-21.5625,0,NA,NA,,5.71E-02,-5.02E-02,-2.74E-02,3.23E-03
C:/temp/dataset/test2/8_1.odb,Step-1,Increment      1: Step Time =    1.000,PART-1-1,509,-2,-22.5,0,NA,NA,,4.29E-02,-3.97E-02,-1.63E-02,2.34E-03
C:/temp/dataset/test2/8_1.odb,Step-1,Increment      1: Step Time =    1.000,PART-1-1,510,-5,-21.5625,0,NA,NA,,7.15E-02,-5.38E-02,-4.70E-02,5.26E-03
C:/temp/dataset/test2/8_1.odb,Step-1,Increment      1: Step Time =    1.000,PART-1-1,511,-4,-22.5,0,NA,NA,,5.41E-02,-4.26E-02,-3.33E-02,4.39E-03
C:/temp/dataset/test2/8_1.odb,Step-1,Increment      1: Step Time =    1.000,PART-1-1,512,3,-23.4375,0,NA,NA,,3.92E-02,-3.27E-02,2.17E-02,3.50E-03
C:/temp/dataset/test2/8_1.odb,Step-1,Increment      1: Step Time =    1.000,PART-1-1,513,4,-24.375,0,NA,NA,,3.72E-02,-2.70E-02,2.55E-02,4.74E-03
C:/temp/dataset/test2/8_1.odb,Step-1,Increment      1: Step Time =    1.000,PART-1-1,514,5,-23.4375,0,NA,NA,,5.26E-02,-3.69E-02,3.75E-02,5.68E-03
C:/temp/dataset/test2/8_1.odb,Step-1,Increment      1: Step Time =    1.000,PART-1-1,515,1,-23.4375,0,NA,NA,,3.14E-02,-3.05E-02,7.08E-03,1.53E-03
C:/temp/dataset/test2/8_1.odb,Step-1,Increment      1: Step Time =    1.000,PART-1-1,516,2,-24.375,0,NA,NA,,2.68E-02,-2.38E-02,1.23E-02,2.53E-03
C:/temp/dataset/test2/8_1.odb,Step-1,Increment      1: Step Time =    1.000,PART-1-1,517,-1,-23.4375,0,NA,NA,,3.13E-02,-3.05E-02,-7.11E-03,1.51E-03
C:/temp/dataset/test2/8_1.odb,Step-1,Increment      1: Step Time =    1.000,PART-1-1,518,0,-24.375,0,NA,NA,,2.26E-02,-2.26E-02,6.11E-06,9.97E-04
C:/temp/dataset/test2/8_1.odb,Step-1,Increment      1: Step Time =    1.000,PART-1-1,519,-3,-23.4375,0,NA,NA,,3.91E-02,-3.25E-02,-2.18E-02,3.48E-03
C:/temp/dataset/test2/8_1.odb,Step-1,Increment      1: Step Time =    1.000,PART-1-1,520,-2,-24.375,0,NA,NA,,2.66E-02,-2.36E-02,-1.23E-02,2.51E-03
C:/temp/dataset/test2/8_1.odb,Step-1,Increment      1: Step Time =    1.000,PART-1-1,521,-5,-23.4375,0,NA,NA,,5.25E-02,-3.65E-02,-3.77E-02,5.68E-03
C:/temp/dataset/test2/8_1.odb,Step-1,Increment      1: Step Time =    1.000,PART-1-1,522,-4,-24.375,0,NA,NA,,3.70E-02,-2.68E-02,-2.56E-02,4.73E-03
C:/temp/dataset/test2/8_1.odb,Step-1,Increment      1: Step Time =    1.000,PART-1-1,523,3,-25.3125,0,NA,NA,,2.43E-02,-1.85E-02,1.57E-02,3.79E-03
C:/temp/dataset/test2/8_1.odb,Step-1,Increment      1: Step Time =    1.000,PART-1-1,524,4,-26.25,0,NA,NA,,2.29E-02,-1.49E-02,1.74E-02,5.06E-03
C:/temp/dataset/test2/8_1.odb,Step-1,Increment      1: Step Time =    1.000,PART-1-1,525,5,-25.3125,0,NA,NA,,3.60E-02,-2.29E-02,2.77E-02,6.02E-03
C:/temp/dataset/test2/8_1.odb,Step-1,Increment      1: Step Time =    1.000,PART-1-1,526,1,-25.3125,0,NA,NA,,1.70E-02,-1.62E-02,5.07E-03,1.62E-03
C:/temp/dataset/test2/8_1.odb,Step-1,Increment      1: Step Time =    1.000,PART-1-1,527,2,-26.25,0,NA,NA,,1.40E-02,-1.14E-02,8.16E-03,2.75E-03
C:/temp/dataset/test2/8_1.odb,Step-1,Increment      1: Step Time =    1.000,PART-1-1,528,-1,-25.3125,0,NA,NA,,1.69E-02,-1.61E-02,-5.04E-03,1.60E-03
C:/temp/dataset/test2/8_1.odb,Step-1,Increment      1: Step Time =    1.000,PART-1-1,529,0,-26.25,0,NA,NA,,1.02E-02,-1.02E-02,2.10E-05,1.02E-03
C:/temp/dataset/test2/8_1.odb,Step-1,Increment      1: Step Time =    1.000,PART-1-1,530,-3,-25.3125,0,NA,NA,,2.41E-02,-1.83E-02,-1.57E-02,3.77E-03
C:/temp/dataset/test2/8_1.odb,Step-1,Increment      1: Step Time =    1.000,PART-1-1,531,-2,-26.25,0,NA,NA,,1.39E-02,-1.13E-02,-8.12E-03,2.73E-03
C:/temp/dataset/test2/8_1.odb,Step-1,Increment      1: Step Time =    1.000,PART-1-1,532,-5,-25.3125,0,NA,NA,,3.58E-02,-2.27E-02,-2.77E-02,6.01E-03
C:/temp/dataset/test2/8_1.odb,Step-1,Increment      1: Step Time =    1.000,PART-1-1,533,-4,-26.25,0,NA,NA,,2.28E-02,-1.47E-02,-1.74E-02,5.05E-03
C:/temp/dataset/test2/8_1.odb,Step-1,Increment      1: Step Time =    1.000,PART-1-1,534,3,-27.1875,0,NA,NA,,1.23E-02,-8.08E-03,9.27E-03,4.00E-03
C:/temp/dataset/test2/8_1.odb,Step-1,Increment      1: Step Time =    1.000,PART-1-1,535,4,-28.125,0,NA,NA,,1.04E-02,-6.02E-03,8.48E-03,5.46E-03
C:/temp/dataset/test2/8_1.odb,Step-1,Increment      1: Step Time =    1.000,PART-1-1,536,5,-27.1875,0,NA,NA,,2.16E-02,-1.28E-02,1.74E-02,6.44E-03
C:/temp/dataset/test2/8_1.odb,Step-1,Increment      1: Step Time =    1.000,PART-1-1,537,1,-27.1875,0,NA,NA,,6.52E-03,-5.83E-03,2.92E-03,1.62E-03
C:/temp/dataset/test2/8_1.odb,Step-1,Increment      1: Step Time =    1.000,PART-1-1,538,2,-28.125,0,NA,NA,,4.83E-03,-3.06E-03,3.74E-03,2.81E-03
C:/temp/dataset/test2/8_1.odb,Step-1,Increment      1: Step Time =    1.000,PART-1-1,539,-1,-27.1875,0,NA,NA,,6.47E-03,-5.79E-03,-2.88E-03,1.59E-03
C:/temp/dataset/test2/8_1.odb,Step-1,Increment      1: Step Time =    1.000,PART-1-1,540,0,-28.125,0,NA,NA,,2.10E-03,-2.10E-03,1.26E-05,8.15E-04
C:/temp/dataset/test2/8_1.odb,Step-1,Increment      1: Step Time =    1.000,PART-1-1,541,-3,-27.1875,0,NA,NA,,1.22E-02,-7.97E-03,-9.24E-03,3.98E-03
C:/temp/dataset/test2/8_1.odb,Step-1,Increment      1: Step Time =    1.000,PART-1-1,542,-2,-28.125,0,NA,NA,,4.77E-03,-3.00E-03,-3.71E-03,2.79E-03
C:/temp/dataset/test2/8_1.odb,Step-1,Increment      1: Step Time =    1.000,PART-1-1,543,-5,-27.1875,0,NA,NA,,2.15E-02,-1.26E-02,-1.74E-02,6.43E-03
C:/temp/dataset/test2/8_1.odb,Step-1,Increment      1: Step Time =    1.000,PART-1-1,544,-4,-28.125,0,NA,NA,,1.03E-02,-5.92E-03,-8.45E-03,5.45E-03
C:/temp/dataset/test2/8_1.odb,Step-1,Increment      1: Step Time =    1.000,PART-1-1,545,3,-29.0625,0,NA,NA,,2.97E-03,-1.24E-03,2.70E-03,3.60E-03
C:/temp/dataset/test2/8_1.odb,Step-1,Increment      1: Step Time =    1.000,PART-1-1,546,4,-30,0,NA,NA,,0,6.54E-41,6.81E-39,5.51E-03
C:/temp/dataset/test2/8_1.odb,Step-1,Increment      1: Step Time =    1.000,PART-1-1,547,5,-29.0625,0,NA,NA,,8.00E-03,-5.27E-03,6.02E-03,7.15E-03
C:/temp/dataset/test2/8_1.odb,Step-1,Increment      1: Step Time =    1.000,PART-1-1,548,1,-29.0625,0,NA,NA,,9.09E-04,-2.77E-04,8.66E-04,1.12E-03
C:/temp/dataset/test2/8_1.odb,Step-1,Increment      1: Step Time =    1.000,PART-1-1,549,2,-30,0,NA,NA,,0,2.01E-40,3.35E-39,2.10E-03
C:/temp/dataset/test2/8_1.odb,Step-1,Increment      1: Step Time =    1.000,PART-1-1,550,-1,-29.0625,0,NA,NA,,8.94E-04,-2.60E-04,-8.56E-04,1.11E-03
C:/temp/dataset/test2/8_1.odb,Step-1,Increment      1: Step Time =    1.000,PART-1-1,551,0,-30,0,NA,NA,,0,4.61E-40,1.28E-42,4.53E-04
C:/temp/dataset/test2/8_1.odb,Step-1,Increment      1: Step Time =    1.000,PART-1-1,552,-3,-29.0625,0,NA,NA,,2.94E-03,-1.19E-03,-2.69E-03,3.58E-03
C:/temp/dataset/test2/8_1.odb,Step-1,Increment      1: Step Time =    1.000,PART-1-1,553,-2,-30,0,NA,NA,,0,2.12E-40,-3.34E-39,2.10E-03
C:/temp/dataset/test2/8_1.odb,Step-1,Increment      1: Step Time =    1.000,PART-1-1,554,-5,-29.0625,0,NA,NA,,7.96E-03,-5.22E-03,-6.01E-03,7.13E-03
C:/temp/dataset/test2/8_1.odb,Step-1,Increment      1: Step Time =    1.000,PART-1-1,555,-4,-30,0,NA,NA,,0,8.03E-41,-6.79E-39,5.49E-03
